PMID,included,full_article,exclusion_reasons,third,during_review
35343622,FALSE,FALSE,methodological,FALSE,FALSE
35337365,TRUE,FALSE,NA,FALSE,FALSE
35289710,TRUE,FALSE,NA,FALSE,FALSE
35281934,FALSE,FALSE,no_paitc,FALSE,FALSE
35280921,FALSE,FALSE,no_paitc,FALSE,FALSE
35279814,TRUE,FALSE,NA,FALSE,FALSE
35277411,FALSE,FALSE,no_paitc,FALSE,FALSE
35272073,FALSE,FALSE,no_paitc,FALSE,FALSE
35267593,FALSE,FALSE,methodological,FALSE,FALSE
35232230,TRUE,FALSE,NA,FALSE,FALSE
35179764,FALSE,FALSE,no_itc,FALSE,FALSE
35175308,TRUE,FALSE,NA,FALSE,FALSE
35158805,FALSE,TRUE,other_paitc,FALSE,FALSE
35157216,TRUE,FALSE,NA,FALSE,FALSE
35138877,FALSE,FALSE,no_paitc,FALSE,FALSE
35129275,FALSE,FALSE,not_original_article,FALSE,FALSE
35128059,FALSE,FALSE,wrong_topic,FALSE,FALSE
35114819,TRUE,FALSE,NA,FALSE,FALSE
35106186,FALSE,FALSE,no_paitc,FALSE,FALSE
35090692,FALSE,FALSE,not_original_article,FALSE,FALSE
35090691,FALSE,FALSE,not_original_article,FALSE,FALSE
35090690,FALSE,FALSE,not_original_article,FALSE,FALSE
35090688,FALSE,TRUE,no_paitc,FALSE,FALSE
35073727,TRUE,FALSE,NA,FALSE,FALSE
35068168,TRUE,FALSE,NA,FALSE,FALSE
35058055,FALSE,FALSE,no_paitc,FALSE,FALSE
35044552,FALSE,FALSE,no_paitc,FALSE,FALSE
35042448,TRUE,FALSE,NA,FALSE,FALSE
35040693,TRUE,TRUE,NA,FALSE,FALSE
35030634,FALSE,TRUE,no_paitc,FALSE,FALSE
35028245,FALSE,FALSE,no_paitc,FALSE,FALSE
34999620,FALSE,FALSE,no_paitc,FALSE,FALSE
34981073,FALSE,FALSE,no_paitc,FALSE,FALSE
34978255,TRUE,FALSE,NA,FALSE,FALSE
34966607,FALSE,FALSE,no_paitc,FALSE,FALSE
34931610,FALSE,TRUE,no_paitc,FALSE,FALSE
34922383,TRUE,TRUE,NA,FALSE,FALSE
34912479,FALSE,TRUE,other_paitc,FALSE,FALSE
34912478,TRUE,FALSE,NA,FALSE,FALSE
34885106,FALSE,FALSE,no_paitc,FALSE,FALSE
34877623,TRUE,FALSE,NA,FALSE,FALSE
34864380,FALSE,FALSE,no_paitc,FALSE,FALSE
34841472,FALSE,FALSE,no_itc,FALSE,FALSE
34822128,FALSE,TRUE,no_paitc,FALSE,FALSE
34797506,TRUE,FALSE,NA,FALSE,FALSE
34765537,TRUE,FALSE,NA,FALSE,FALSE
34756316,FALSE,FALSE,other_paitc,FALSE,FALSE
34754257,TRUE,FALSE,NA,FALSE,FALSE
34754238,TRUE,FALSE,NA,FALSE,FALSE
34751591,TRUE,FALSE,NA,FALSE,FALSE
34740549,FALSE,FALSE,methodological,FALSE,FALSE
34733356,FALSE,FALSE,no_paitc,FALSE,FALSE
34714524,FALSE,TRUE,no_paitc,FALSE,FALSE
34714523,FALSE,TRUE,no_paitc,FALSE,FALSE
34672224,TRUE,FALSE,NA,FALSE,FALSE
34664200,FALSE,FALSE,not_original_article,FALSE,FALSE
34663559,FALSE,FALSE,no_paitc,FALSE,FALSE
34649296,FALSE,FALSE,no_paitc,FALSE,FALSE
34641745,FALSE,FALSE,no_paitc,FALSE,FALSE
34621996,FALSE,FALSE,no_paitc,FALSE,FALSE
34616492,TRUE,FALSE,NA,FALSE,FALSE
34608814,FALSE,FALSE,not_original_article,FALSE,FALSE
34597381,FALSE,FALSE,no_paitc,FALSE,FALSE
34589422,FALSE,FALSE,no_paitc,FALSE,FALSE
34586007,FALSE,FALSE,not_original_article,FALSE,FALSE
34561812,TRUE,FALSE,NA,FALSE,FALSE
34550592,FALSE,FALSE,not_original_article,FALSE,FALSE
34543649,FALSE,FALSE,no_paitc,FALSE,FALSE
34537953,FALSE,FALSE,no_paitc,FALSE,FALSE
34493319,TRUE,FALSE,NA,FALSE,FALSE
34488679,FALSE,FALSE,no_paitc,FALSE,FALSE
34484486,FALSE,FALSE,no_paitc,FALSE,FALSE
34465265,FALSE,TRUE,other_paitc,FALSE,FALSE
34445916,TRUE,FALSE,NA,FALSE,FALSE
34402784,FALSE,FALSE,no_paitc,FALSE,FALSE
34402153,FALSE,FALSE,no_paitc,FALSE,FALSE
34384311,FALSE,FALSE,no_paitc,FALSE,FALSE
34383273,FALSE,FALSE,wrong_topic,FALSE,FALSE
34372977,FALSE,FALSE,not_original_article,FALSE,FALSE
34369674,FALSE,FALSE,no_human,FALSE,FALSE
34368918,TRUE,FALSE,NA,FALSE,FALSE
34348729,FALSE,TRUE,no_paitc,FALSE,FALSE
34340647,FALSE,FALSE,no_paitc,FALSE,FALSE
34324742,FALSE,FALSE,methodological,FALSE,FALSE
34301232,FALSE,FALSE,no_paitc,FALSE,FALSE
34292540,FALSE,TRUE,other_paitc,FALSE,FALSE
34286894,TRUE,TRUE,NA,FALSE,FALSE
34285621,TRUE,FALSE,NA,FALSE,FALSE
34280545,FALSE,FALSE,no_paitc,FALSE,FALSE
34278835,FALSE,FALSE,no_paitc,FALSE,FALSE
34277983,TRUE,FALSE,NA,FALSE,FALSE
34277438,FALSE,FALSE,no_paitc,FALSE,FALSE
34274891,FALSE,FALSE,no_paitc,FALSE,FALSE
34256668,TRUE,FALSE,NA,FALSE,FALSE
34250585,FALSE,FALSE,other_paitc,FALSE,FALSE
34250584,TRUE,FALSE,NA,FALSE,FALSE
34236007,TRUE,FALSE,NA,FALSE,FALSE
34231369,FALSE,FALSE,no_paitc,FALSE,FALSE
34196111,FALSE,FALSE,methodological,FALSE,FALSE
34168470,FALSE,FALSE,other_paitc,FALSE,FALSE
34114935,FALSE,FALSE,no_paitc,FALSE,FALSE
34098842,FALSE,TRUE,no_paitc,FALSE,FALSE
34093199,FALSE,FALSE,no_paitc,FALSE,FALSE
34074239,FALSE,FALSE,no_paitc,FALSE,FALSE
34067521,TRUE,FALSE,NA,FALSE,FALSE
34067288,TRUE,FALSE,NA,FALSE,FALSE
34021886,FALSE,TRUE,result_not_described,FALSE,FALSE
34021585,TRUE,FALSE,NA,FALSE,FALSE
34018204,FALSE,FALSE,wrong_topic,FALSE,FALSE
34012392,FALSE,FALSE,no_paitc,FALSE,FALSE
33992428,FALSE,FALSE,no_paitc,FALSE,FALSE
33979770,TRUE,FALSE,NA,FALSE,FALSE
33970454,TRUE,FALSE,NA,FALSE,FALSE
33970192,FALSE,FALSE,no_paitc,FALSE,FALSE
33963582,FALSE,FALSE,not_original_article,FALSE,FALSE
33955326,TRUE,FALSE,NA,FALSE,FALSE
33941549,FALSE,FALSE,no_paitc,FALSE,FALSE
33929726,FALSE,FALSE,no_paitc,FALSE,FALSE
33896344,TRUE,FALSE,NA,FALSE,FALSE
33888418,FALSE,TRUE,no_paitc,FALSE,FALSE
33871055,FALSE,FALSE,no_paitc,FALSE,FALSE
33863352,FALSE,FALSE,no_paitc,FALSE,FALSE
33847901,TRUE,FALSE,NA,FALSE,FALSE
33839603,TRUE,FALSE,NA,FALSE,FALSE
33830214,TRUE,TRUE,NA,FALSE,FALSE
33822328,TRUE,FALSE,NA,FALSE,FALSE
33818140,TRUE,FALSE,NA,FALSE,FALSE
33791945,FALSE,TRUE,other_paitc,FALSE,FALSE
33781519,FALSE,TRUE,result_not_described,FALSE,FALSE
33768123,TRUE,FALSE,NA,FALSE,FALSE
33749159,FALSE,FALSE,no_paitc,FALSE,FALSE
33745079,TRUE,FALSE,NA,FALSE,FALSE
33733983,TRUE,FALSE,NA,FALSE,FALSE
33733815,TRUE,FALSE,NA,FALSE,FALSE
33709889,FALSE,FALSE,methodological,FALSE,FALSE
33691581,FALSE,TRUE,result_not_described,FALSE,FALSE
33687695,FALSE,TRUE,no_paitc,FALSE,FALSE
33675139,FALSE,FALSE,wrong_topic,FALSE,FALSE
33674928,FALSE,FALSE,wrong_topic,FALSE,FALSE
33664606,TRUE,FALSE,NA,FALSE,FALSE
33646565,FALSE,FALSE,no_paitc,FALSE,FALSE
33641593,FALSE,FALSE,no_paitc,FALSE,FALSE
33640861,FALSE,FALSE,no_paitc,FALSE,FALSE
33638735,TRUE,FALSE,NA,FALSE,FALSE
33626934,TRUE,FALSE,NA,FALSE,FALSE
33599181,FALSE,FALSE,no_paitc,FALSE,FALSE
33598857,FALSE,FALSE,no_itc,FALSE,FALSE
33556898,TRUE,FALSE,NA,FALSE,FALSE
33548517,FALSE,FALSE,no_paitc,FALSE,FALSE
33521161,FALSE,FALSE,no_paitc,FALSE,FALSE
33515055,FALSE,FALSE,no_paitc,FALSE,FALSE
33488773,TRUE,TRUE,NA,FALSE,FALSE
33472427,FALSE,FALSE,not_original_article,FALSE,FALSE
33469994,FALSE,FALSE,no_paitc,FALSE,FALSE
33461352,FALSE,TRUE,other_paitc,FALSE,FALSE
33448252,FALSE,FALSE,no_paitc,FALSE,FALSE
33442996,TRUE,TRUE,NA,FALSE,FALSE
33376418,FALSE,FALSE,no_itc,FALSE,FALSE
33435879,FALSE,FALSE,methodological,FALSE,FALSE
33423240,FALSE,FALSE,no_paitc,FALSE,FALSE
33393412,FALSE,FALSE,no_paitc,FALSE,FALSE
33377987,TRUE,FALSE,NA,FALSE,FALSE
33339864,FALSE,FALSE,wrong_topic,FALSE,FALSE
33292314,FALSE,TRUE,other_paitc,FALSE,FALSE
33291810,TRUE,FALSE,NA,FALSE,FALSE
33267884,FALSE,TRUE,no_paitc,FALSE,FALSE
33570887,FALSE,FALSE,not_original_article,FALSE,FALSE
33555772,FALSE,FALSE,not_original_article,FALSE,FALSE
33244703,TRUE,FALSE,NA,FALSE,FALSE
33228440,TRUE,FALSE,NA,FALSE,FALSE
33215981,FALSE,FALSE,no_itc,FALSE,FALSE
33213193,FALSE,TRUE,no_paitc,FALSE,FALSE
33193875,FALSE,FALSE,no_paitc,FALSE,FALSE
33155118,FALSE,FALSE,no_itc,FALSE,FALSE
33145711,FALSE,FALSE,not_original_article,FALSE,FALSE
33131206,FALSE,FALSE,methodological,FALSE,FALSE
33119182,FALSE,FALSE,no_paitc,FALSE,FALSE
33111986,FALSE,FALSE,methodological,FALSE,FALSE
33090003,FALSE,FALSE,no_paitc,FALSE,FALSE
33069083,FALSE,FALSE,wrong_topic,FALSE,FALSE
33067698,FALSE,TRUE,no_paitc,FALSE,FALSE
33062927,FALSE,FALSE,no_itc,FALSE,FALSE
33051255,FALSE,FALSE,no_paitc,FALSE,FALSE
33036834,FALSE,FALSE,wrong_topic,FALSE,FALSE
33015906,FALSE,FALSE,methodological,FALSE,FALSE
33001384,FALSE,FALSE,no_paitc,FALSE,FALSE
33570892,FALSE,TRUE,not_original_article,FALSE,FALSE
32993519,FALSE,FALSE,methodological,FALSE,FALSE
32957804,FALSE,FALSE,wrong_topic,FALSE,FALSE
32914703,FALSE,FALSE,no_paitc,FALSE,FALSE
32892660,TRUE,TRUE,NA,FALSE,FALSE
32856150,FALSE,FALSE,no_paitc,FALSE,FALSE
32853779,FALSE,FALSE,methodological,FALSE,FALSE
32839071,FALSE,FALSE,not_original_article,FALSE,FALSE
32827435,FALSE,FALSE,no_paitc,FALSE,FALSE
32804408,FALSE,FALSE,no_paitc,FALSE,FALSE
32801167,FALSE,FALSE,no_paitc,FALSE,FALSE
32798057,FALSE,FALSE,no_paitc,FALSE,FALSE
32761259,FALSE,FALSE,no_paitc,FALSE,FALSE
32749937,FALSE,FALSE,no_itc,FALSE,FALSE
32736593,FALSE,FALSE,no_paitc,FALSE,FALSE
32727171,FALSE,FALSE,no_paitc,FALSE,FALSE
32693948,FALSE,FALSE,other_paitc,FALSE,FALSE
32684669,FALSE,FALSE,methodological,FALSE,FALSE
32679702,FALSE,FALSE,no_paitc,FALSE,FALSE
32673969,FALSE,FALSE,no_paitc,FALSE,FALSE
32669839,FALSE,FALSE,no_itc,FALSE,FALSE
32659160,FALSE,FALSE,methodological,FALSE,FALSE
32648475,TRUE,FALSE,NA,FALSE,FALSE
32636183,FALSE,FALSE,no_paitc,FALSE,FALSE
32627297,FALSE,FALSE,no_paitc,FALSE,FALSE
32602756,TRUE,FALSE,NA,FALSE,FALSE
32596834,FALSE,FALSE,methodological,FALSE,FALSE
32568666,FALSE,FALSE,no_paitc,FALSE,FALSE
32561336,TRUE,FALSE,NA,FALSE,FALSE
32540383,FALSE,FALSE,methodological,FALSE,FALSE
32540233,FALSE,FALSE,methodological,FALSE,FALSE
32524498,FALSE,FALSE,methodological,FALSE,FALSE
32499262,FALSE,FALSE,wrong_topic,FALSE,FALSE
32490682,FALSE,FALSE,no_paitc,FALSE,FALSE
32475340,FALSE,FALSE,wrong_topic,FALSE,FALSE
32470056,FALSE,FALSE,wrong_topic,FALSE,FALSE
32456710,FALSE,FALSE,no_itc,FALSE,FALSE
32454812,FALSE,FALSE,no_paitc,FALSE,FALSE
32424805,TRUE,FALSE,NA,FALSE,FALSE
32412387,FALSE,FALSE,other_paitc,FALSE,FALSE
32395870,FALSE,FALSE,methodological,FALSE,FALSE
32386269,FALSE,FALSE,no_paitc,FALSE,FALSE
32380428,FALSE,FALSE,no_paitc,FALSE,FALSE
32371431,TRUE,FALSE,NA,FALSE,FALSE
32367407,FALSE,FALSE,no_paitc,FALSE,FALSE
32327161,FALSE,FALSE,review,FALSE,FALSE
32308623,FALSE,FALSE,no_paitc,FALSE,FALSE
32301116,FALSE,FALSE,no_itc,FALSE,FALSE
32299269,TRUE,FALSE,NA,FALSE,FALSE
32290309,FALSE,FALSE,no_paitc,FALSE,FALSE
32278674,FALSE,FALSE,no_paitc,FALSE,FALSE
32253560,FALSE,FALSE,no_paitc,FALSE,FALSE
32222903,TRUE,FALSE,NA,FALSE,FALSE
32221596,FALSE,FALSE,no_paitc,FALSE,FALSE
32220214,TRUE,FALSE,NA,FALSE,FALSE
32208038,FALSE,FALSE,no_paitc,FALSE,FALSE
32191592,FALSE,TRUE,other_paitc,FALSE,FALSE
32190414,FALSE,FALSE,no_paitc,FALSE,FALSE
32185590,FALSE,FALSE,no_paitc,FALSE,FALSE
32182248,FALSE,FALSE,no_paitc,FALSE,FALSE
32122024,FALSE,FALSE,wrong_topic,FALSE,FALSE
32115845,FALSE,FALSE,methodological,FALSE,FALSE
32063399,FALSE,FALSE,methodological,FALSE,FALSE
32057373,FALSE,FALSE,no_paitc,FALSE,FALSE
32049837,FALSE,FALSE,no_paitc,FALSE,FALSE
32019141,FALSE,FALSE,no_paitc,FALSE,FALSE
32011182,FALSE,FALSE,no_paitc,FALSE,FALSE
32007196,FALSE,FALSE,wrong_topic,FALSE,FALSE
31985301,TRUE,TRUE,NA,FALSE,FALSE
31948278,TRUE,FALSE,NA,FALSE,FALSE
31943429,TRUE,FALSE,NA,FALSE,FALSE
31932080,FALSE,FALSE,no_paitc,FALSE,FALSE
31930460,FALSE,FALSE,wrong_topic,FALSE,FALSE
31919360,FALSE,FALSE,wrong_topic,FALSE,FALSE
31917873,FALSE,FALSE,no_paitc,FALSE,FALSE
31916448,FALSE,FALSE,no_paitc,FALSE,FALSE
31872771,TRUE,FALSE,NA,FALSE,FALSE
31871432,FALSE,FALSE,no_paitc,FALSE,FALSE
31865547,TRUE,FALSE,NA,FALSE,FALSE
31856172,FALSE,FALSE,no_paitc,FALSE,FALSE
31838711,FALSE,FALSE,not_original_article,FALSE,FALSE
31838710,FALSE,FALSE,not_original_article,FALSE,FALSE
31830264,FALSE,FALSE,no_paitc,FALSE,FALSE
31813087,TRUE,TRUE,NA,FALSE,FALSE
31813086,TRUE,TRUE,NA,FALSE,FALSE
31774340,FALSE,FALSE,no_paitc,FALSE,FALSE
31745252,FALSE,TRUE,not_original_article,FALSE,FALSE
31743962,FALSE,FALSE,wrong_topic,FALSE,FALSE
31719453,FALSE,FALSE,wrong_topic,FALSE,FALSE
31699438,TRUE,FALSE,NA,FALSE,FALSE
31686561,TRUE,FALSE,NA,FALSE,FALSE
31686559,TRUE,FALSE,NA,FALSE,FALSE
31673882,FALSE,FALSE,no_paitc,FALSE,FALSE
31663466,FALSE,TRUE,no_paitc,FALSE,FALSE
31652347,FALSE,FALSE,no_paitc,FALSE,FALSE
31642037,TRUE,FALSE,NA,FALSE,FALSE
31640567,FALSE,FALSE,no_paitc,FALSE,FALSE
31640435,TRUE,FALSE,NA,FALSE,FALSE
31632108,FALSE,TRUE,no_paitc,FALSE,FALSE
31607912,FALSE,FALSE,no_paitc,FALSE,FALSE
31602601,FALSE,TRUE,no_paitc,FALSE,FALSE
31588564,FALSE,FALSE,no_paitc,FALSE,FALSE
31587138,FALSE,FALSE,no_paitc,FALSE,FALSE
31564931,TRUE,FALSE,NA,FALSE,FALSE
31555968,FALSE,FALSE,methodological,FALSE,FALSE
31512141,FALSE,FALSE,not_original_article,FALSE,FALSE
31489255,FALSE,FALSE,no_paitc,FALSE,FALSE
31464152,FALSE,FALSE,no_paitc,FALSE,FALSE
31440980,FALSE,FALSE,no_paitc,FALSE,FALSE
31435770,FALSE,FALSE,no_paitc,FALSE,FALSE
31417326,TRUE,FALSE,NA,FALSE,FALSE
31412011,TRUE,FALSE,NA,FALSE,FALSE
31390809,FALSE,FALSE,no_paitc,FALSE,FALSE
31368653,FALSE,FALSE,methodological,FALSE,FALSE
31364979,TRUE,FALSE,NA,FALSE,FALSE
31355224,FALSE,FALSE,no_paitc,FALSE,FALSE
31348264,FALSE,FALSE,no_paitc,FALSE,FALSE
31290203,FALSE,FALSE,feasibility,FALSE,FALSE
31258524,FALSE,FALSE,wrong_topic,FALSE,FALSE
31250534,FALSE,FALSE,methodological,FALSE,FALSE
31196844,FALSE,FALSE,no_paitc,FALSE,FALSE
31192959,FALSE,FALSE,no_paitc,FALSE,FALSE
31192957,FALSE,FALSE,no_paitc,FALSE,FALSE
31190671,FALSE,FALSE,review,FALSE,FALSE
31168745,FALSE,FALSE,no_itc,FALSE,FALSE
31140620,FALSE,FALSE,no_paitc,FALSE,FALSE
31140123,TRUE,FALSE,NA,FALSE,FALSE
31133348,FALSE,FALSE,no_paitc,FALSE,FALSE
31124741,FALSE,FALSE,not_original_article,FALSE,FALSE
31124724,FALSE,FALSE,not_original_article,FALSE,FALSE
31102627,FALSE,FALSE,no_paitc,FALSE,FALSE
31099402,FALSE,FALSE,no_paitc,FALSE,FALSE
31059803,FALSE,FALSE,no_paitc,FALSE,FALSE
31045839,FALSE,FALSE,protocol,FALSE,FALSE
31021449,FALSE,FALSE,no_paitc,FALSE,FALSE
31018251,FALSE,FALSE,no_paitc,FALSE,FALSE
30965114,FALSE,FALSE,no_paitc,FALSE,FALSE
30964361,TRUE,FALSE,NA,FALSE,FALSE
30963514,FALSE,FALSE,no_paitc,FALSE,FALSE
35157413,FALSE,FALSE,no_paitc,FALSE,FALSE
30900099,FALSE,FALSE,no_paitc,FALSE,FALSE
30899278,FALSE,FALSE,no_paitc,FALSE,FALSE
30879249,FALSE,FALSE,no_paitc,FALSE,FALSE
30864105,FALSE,FALSE,no_paitc,FALSE,FALSE
30852924,TRUE,FALSE,NA,FALSE,FALSE
30835737,FALSE,FALSE,no_paitc,FALSE,FALSE
30806520,TRUE,FALSE,NA,FALSE,FALSE
30786783,TRUE,FALSE,NA,FALSE,FALSE
30758745,TRUE,FALSE,NA,FALSE,FALSE
30758237,FALSE,TRUE,no_paitc,FALSE,FALSE
30735443,FALSE,FALSE,no_paitc,FALSE,FALSE
30727745,FALSE,FALSE,no_paitc,FALSE,FALSE
30706364,FALSE,TRUE,no_paitc,FALSE,FALSE
31211542,FALSE,FALSE,review,FALSE,FALSE
30698076,FALSE,FALSE,methodological,FALSE,FALSE
30689458,FALSE,FALSE,no_paitc,FALSE,FALSE
30670074,FALSE,FALSE,methodological,FALSE,FALSE
30661638,FALSE,FALSE,methodological,FALSE,FALSE
30649973,FALSE,TRUE,no_paitc,FALSE,FALSE
30639473,FALSE,FALSE,no_paitc,FALSE,FALSE
30639069,FALSE,FALSE,not_original_article,FALSE,FALSE
30635226,FALSE,FALSE,no_paitc,FALSE,FALSE
30617044,FALSE,FALSE,no_paitc,FALSE,FALSE
30612667,FALSE,FALSE,not_original_article,FALSE,FALSE
30610657,FALSE,FALSE,no_itc,FALSE,FALSE
30598174,FALSE,FALSE,not_original_article,FALSE,FALSE
30595674,FALSE,FALSE,methodological,FALSE,FALSE
30591022,FALSE,TRUE,no_paitc,FALSE,FALSE
30588048,FALSE,FALSE,no_paitc,FALSE,FALSE
30567533,TRUE,FALSE,NA,FALSE,FALSE
30563395,FALSE,TRUE,other_paitc,FALSE,FALSE
30532569,FALSE,FALSE,other_paitc,FALSE,FALSE
30489166,FALSE,FALSE,no_paitc,FALSE,FALSE
30474450,FALSE,TRUE,other_paitc,FALSE,FALSE
30472749,TRUE,FALSE,NA,FALSE,FALSE
30465228,FALSE,FALSE,review,FALSE,FALSE
30464564,FALSE,FALSE,no_paitc,FALSE,FALSE
30464563,FALSE,TRUE,no_paitc,FALSE,FALSE
30429149,FALSE,FALSE,no_paitc,FALSE,FALSE
30426462,FALSE,FALSE,no_paitc,FALSE,FALSE
30401604,FALSE,FALSE,no_paitc,FALSE,FALSE
30388073,TRUE,FALSE,NA,FALSE,FALSE
30362839,TRUE,FALSE,NA,FALSE,FALSE
30349228,FALSE,FALSE,no_paitc,FALSE,FALSE
30314617,TRUE,FALSE,NA,FALSE,FALSE
30312378,FALSE,FALSE,wrong_topic,FALSE,FALSE
30309978,TRUE,FALSE,NA,FALSE,FALSE
30304407,FALSE,FALSE,no_itc,FALSE,FALSE
30303022,FALSE,FALSE,no_paitc,FALSE,FALSE
30298279,FALSE,FALSE,review,FALSE,FALSE
30293207,FALSE,FALSE,review,FALSE,FALSE
30286627,TRUE,FALSE,NA,FALSE,FALSE
30277463,FALSE,FALSE,no_paitc,FALSE,FALSE
30942989,FALSE,TRUE,not_original_article,FALSE,FALSE
30227896,FALSE,FALSE,no_paitc,FALSE,FALSE
30209002,FALSE,FALSE,no_paitc,FALSE,FALSE
30205189,FALSE,FALSE,no_paitc,FALSE,FALSE
30188231,FALSE,TRUE,no_paitc,FALSE,FALSE
30168349,TRUE,FALSE,NA,FALSE,FALSE
30101613,FALSE,FALSE,no_paitc,FALSE,FALSE
30096625,FALSE,FALSE,no_paitc,FALSE,FALSE
30086654,TRUE,FALSE,NA,FALSE,FALSE
30052894,TRUE,FALSE,NA,FALSE,FALSE
30030817,FALSE,FALSE,other_paitc,FALSE,FALSE
29961001,FALSE,FALSE,review,FALSE,FALSE
29954828,FALSE,FALSE,no_paitc,FALSE,FALSE
29954322,FALSE,FALSE,no_paitc,FALSE,FALSE
29949047,TRUE,TRUE,NA,FALSE,FALSE
29949014,FALSE,FALSE,no_paitc,FALSE,FALSE
29861642,TRUE,FALSE,NA,FALSE,FALSE
29788164,FALSE,FALSE,no_paitc,FALSE,FALSE
29785685,FALSE,FALSE,no_paitc,FALSE,FALSE
29764245,TRUE,TRUE,NA,FALSE,FALSE
29753347,FALSE,FALSE,methodological,FALSE,FALSE
31646068,FALSE,FALSE,methodological,FALSE,FALSE
29692179,FALSE,FALSE,no_paitc,FALSE,FALSE
29645352,FALSE,FALSE,no_itc,FALSE,FALSE
29641566,FALSE,FALSE,no_paitc,FALSE,FALSE
29630885,FALSE,FALSE,no_paitc,FALSE,FALSE
29627809,FALSE,FALSE,no_paitc,FALSE,FALSE
29621039,FALSE,FALSE,no_paitc,FALSE,FALSE
29618273,FALSE,FALSE,no_paitc,FALSE,FALSE
29605841,TRUE,FALSE,NA,FALSE,FALSE
29589873,FALSE,TRUE,no_paitc,FALSE,FALSE
29589475,FALSE,FALSE,review,FALSE,FALSE
29579174,FALSE,FALSE,no_paitc,FALSE,FALSE
29570121,TRUE,FALSE,NA,FALSE,FALSE
29537878,FALSE,FALSE,methodological,FALSE,FALSE
29524005,FALSE,FALSE,no_paitc,FALSE,FALSE
29521644,FALSE,FALSE,no_paitc,FALSE,FALSE
29513676,FALSE,FALSE,no_paitc,FALSE,FALSE
29494348,FALSE,FALSE,methodological,FALSE,FALSE
29480454,FALSE,FALSE,not_original_article,FALSE,FALSE
29458286,TRUE,TRUE,NA,FALSE,FALSE
29408938,FALSE,FALSE,no_paitc,FALSE,FALSE
29381246,FALSE,FALSE,no_paitc,FALSE,FALSE
29330217,FALSE,FALSE,no_paitc,FALSE,FALSE
29327372,FALSE,FALSE,no_paitc,FALSE,FALSE
29304933,FALSE,FALSE,no_paitc,FALSE,FALSE
29302193,FALSE,FALSE,no_paitc,FALSE,FALSE
29271481,FALSE,FALSE,no_paitc,FALSE,FALSE
29247383,FALSE,FALSE,no_paitc,FALSE,FALSE
29234637,FALSE,FALSE,no_paitc,FALSE,FALSE
29205421,FALSE,FALSE,no_paitc,FALSE,FALSE
29201386,FALSE,FALSE,no_paitc,FALSE,FALSE
29197667,FALSE,FALSE,no_paitc,FALSE,FALSE
29192016,TRUE,FALSE,NA,FALSE,FALSE
32026346,FALSE,FALSE,no_paitc,FALSE,FALSE
29178025,FALSE,FALSE,not_original_article,FALSE,FALSE
29172760,FALSE,FALSE,no_paitc,FALSE,FALSE
29171861,TRUE,FALSE,NA,FALSE,FALSE
29164973,FALSE,FALSE,no_paitc,FALSE,FALSE
29139314,FALSE,FALSE,no_paitc,FALSE,FALSE
29139001,FALSE,FALSE,no_paitc,FALSE,FALSE
29126800,FALSE,FALSE,wrong_topic,FALSE,FALSE
30657401,FALSE,FALSE,methodological,FALSE,FALSE
29086363,FALSE,FALSE,not_original_article,FALSE,FALSE
29043538,FALSE,FALSE,no_paitc,FALSE,FALSE
29037513,FALSE,FALSE,no_paitc,FALSE,FALSE
28971316,FALSE,FALSE,wrong_topic,FALSE,FALSE
28967482,TRUE,TRUE,NA,FALSE,FALSE
28920068,FALSE,FALSE,no_paitc,FALSE,FALSE
28901021,FALSE,FALSE,no_paitc,FALSE,FALSE
28880737,FALSE,FALSE,no_paitc,FALSE,FALSE
28866822,FALSE,FALSE,no_paitc,FALSE,FALSE
28864100,FALSE,FALSE,no_paitc,FALSE,FALSE
28856580,FALSE,FALSE,methodological,FALSE,FALSE
28854405,FALSE,FALSE,no_paitc,FALSE,FALSE
28823204,FALSE,FALSE,methodological,FALSE,FALSE
28762213,TRUE,FALSE,NA,FALSE,FALSE
28742235,FALSE,FALSE,no_paitc,FALSE,FALSE
28736505,FALSE,TRUE,other_paitc,FALSE,FALSE
28732142,FALSE,FALSE,no_paitc,FALSE,FALSE
28712616,FALSE,FALSE,no_paitc,FALSE,FALSE
28708944,FALSE,FALSE,no_paitc,FALSE,FALSE
28680955,FALSE,FALSE,no_paitc,FALSE,FALSE
28663124,FALSE,TRUE,no_paitc,FALSE,FALSE
28648305,FALSE,FALSE,other_paitc,FALSE,FALSE
28646922,FALSE,FALSE,no_paitc,FALSE,FALSE
28641997,FALSE,FALSE,no_paitc,FALSE,FALSE
28614980,FALSE,FALSE,no_paitc,FALSE,FALSE
28607774,TRUE,FALSE,NA,FALSE,FALSE
28604117,FALSE,FALSE,no_itc,FALSE,FALSE
28603010,FALSE,FALSE,no_paitc,FALSE,FALSE
28573505,TRUE,FALSE,NA,FALSE,FALSE
28556675,FALSE,FALSE,no_paitc,FALSE,FALSE
28552513,FALSE,FALSE,wrong_topic,FALSE,FALSE
28549125,FALSE,TRUE,no_paitc,FALSE,FALSE
28522221,FALSE,FALSE,no_paitc,FALSE,FALSE
28497561,FALSE,FALSE,methodological,FALSE,FALSE
28474745,FALSE,TRUE,no_paitc,FALSE,FALSE
28430670,FALSE,FALSE,no_paitc,FALSE,FALSE
28415774,FALSE,FALSE,no_paitc,FALSE,FALSE
28382213,FALSE,FALSE,wrong_topic,FALSE,FALSE
28361519,FALSE,FALSE,no_paitc,FALSE,FALSE
28361159,FALSE,FALSE,methodological,FALSE,FALSE
28350241,TRUE,FALSE,NA,FALSE,FALSE
28294636,FALSE,FALSE,no_paitc,FALSE,FALSE
28283987,FALSE,FALSE,no_itc,FALSE,FALSE
28273772,FALSE,FALSE,no_paitc,FALSE,FALSE
28272725,FALSE,FALSE,no_paitc,FALSE,FALSE
28265459,TRUE,FALSE,NA,FALSE,FALSE
28220521,FALSE,FALSE,no_paitc,FALSE,FALSE
28137490,FALSE,FALSE,no_paitc,FALSE,FALSE
28122640,FALSE,FALSE,no_paitc,FALSE,FALSE
28096283,FALSE,FALSE,no_paitc,FALSE,FALSE
28063135,FALSE,FALSE,no_paitc,FALSE,FALSE
28062113,FALSE,FALSE,no_paitc,FALSE,FALSE
28052762,FALSE,FALSE,no_paitc,FALSE,FALSE
28000169,FALSE,FALSE,no_paitc,FALSE,FALSE
27882214,FALSE,FALSE,no_paitc,FALSE,FALSE
27868341,FALSE,FALSE,no_paitc,FALSE,FALSE
27866023,FALSE,FALSE,no_paitc,FALSE,FALSE
27848997,FALSE,FALSE,no_paitc,FALSE,FALSE
27806087,FALSE,FALSE,no_paitc,FALSE,FALSE
27734713,FALSE,FALSE,no_paitc,FALSE,FALSE
27543806,FALSE,FALSE,no_paitc,FALSE,FALSE
27352420,FALSE,FALSE,no_paitc,FALSE,FALSE
27657652,FALSE,FALSE,no_paitc,FALSE,FALSE
27778240,FALSE,FALSE,review,FALSE,FALSE
27736657,FALSE,FALSE,no_paitc,FALSE,FALSE
27733070,TRUE,FALSE,NA,FALSE,FALSE
27716074,FALSE,FALSE,no_paitc,FALSE,FALSE
27710868,FALSE,FALSE,no_paitc,FALSE,FALSE
27676174,FALSE,FALSE,no_paitc,FALSE,FALSE
27646863,FALSE,FALSE,no_paitc,FALSE,FALSE
27620206,FALSE,FALSE,methodological,FALSE,FALSE
27565278,FALSE,TRUE,no_paitc,FALSE,FALSE
27562480,FALSE,FALSE,no_paitc,FALSE,FALSE
27550239,TRUE,TRUE,NA,FALSE,FALSE
27529762,FALSE,FALSE,wrong_topic,FALSE,FALSE
27487843,FALSE,FALSE,no_paitc,FALSE,FALSE
27583319,FALSE,FALSE,review,FALSE,FALSE
27445511,TRUE,FALSE,NA,FALSE,FALSE
27384635,FALSE,FALSE,no_paitc,FALSE,FALSE
27366049,FALSE,FALSE,no_itc,FALSE,FALSE
27325329,FALSE,FALSE,no_paitc,FALSE,FALSE
27289476,FALSE,FALSE,no_paitc,FALSE,FALSE
27288979,TRUE,TRUE,NA,FALSE,FALSE
27278217,FALSE,FALSE,not_original_article,FALSE,FALSE
27189910,FALSE,FALSE,no_paitc,FALSE,FALSE
27155214,FALSE,FALSE,no_paitc,FALSE,FALSE
27142793,FALSE,FALSE,no_paitc,FALSE,FALSE
27135404,FALSE,FALSE,no_paitc,FALSE,FALSE
27116943,FALSE,FALSE,review,FALSE,FALSE
27091732,FALSE,FALSE,no_paitc,FALSE,FALSE
27082558,FALSE,FALSE,no_paitc,FALSE,FALSE
27079278,FALSE,FALSE,no_paitc,FALSE,FALSE
26979173,FALSE,FALSE,no_paitc,FALSE,FALSE
26971303,FALSE,FALSE,no_paitc,FALSE,FALSE
26949899,FALSE,FALSE,no_paitc,FALSE,FALSE
26933827,FALSE,FALSE,no_paitc,FALSE,FALSE
26908514,FALSE,FALSE,no_paitc,FALSE,FALSE
26907083,FALSE,FALSE,no_paitc,FALSE,FALSE
26886011,FALSE,FALSE,review,FALSE,FALSE
26883661,FALSE,FALSE,no_paitc,FALSE,FALSE
26841367,FALSE,FALSE,no_paitc,FALSE,FALSE
26839044,TRUE,FALSE,NA,FALSE,FALSE
26836914,FALSE,FALSE,no_paitc,FALSE,FALSE
26824145,FALSE,FALSE,no_paitc,FALSE,FALSE
26804561,FALSE,FALSE,no_paitc,FALSE,FALSE
26793987,TRUE,FALSE,NA,FALSE,FALSE
26780905,FALSE,FALSE,no_paitc,FALSE,FALSE
26769792,FALSE,FALSE,no_paitc,FALSE,FALSE
26754852,FALSE,FALSE,no_paitc,FALSE,FALSE
26733020,FALSE,TRUE,no_paitc,FALSE,FALSE
26729046,FALSE,FALSE,no_paitc,FALSE,FALSE
26719325,FALSE,FALSE,protocol,FALSE,FALSE
26671239,FALSE,FALSE,no_paitc,FALSE,FALSE
26637048,FALSE,FALSE,no_paitc,FALSE,FALSE
26602976,TRUE,TRUE,NA,FALSE,FALSE
26586608,FALSE,FALSE,no_itc,FALSE,FALSE
26495961,FALSE,FALSE,no_itc,FALSE,FALSE
26477648,FALSE,FALSE,no_paitc,FALSE,FALSE
26455472,TRUE,FALSE,NA,FALSE,FALSE
29144701,FALSE,FALSE,review,FALSE,FALSE
26390233,TRUE,FALSE,NA,FALSE,FALSE
26382309,FALSE,FALSE,no_paitc,FALSE,FALSE
26363775,FALSE,FALSE,methodological,FALSE,FALSE
26355679,FALSE,FALSE,no_paitc,FALSE,FALSE
26352650,FALSE,FALSE,no_paitc,FALSE,FALSE
26346974,FALSE,FALSE,no_paitc,FALSE,FALSE
26331530,FALSE,FALSE,no_paitc,FALSE,FALSE
26320127,FALSE,FALSE,no_paitc,FALSE,FALSE
26297097,FALSE,FALSE,no_paitc,FALSE,FALSE
26293745,FALSE,FALSE,no_paitc,FALSE,FALSE
26287812,FALSE,FALSE,no_paitc,FALSE,FALSE
26280110,FALSE,FALSE,no_paitc,FALSE,FALSE
26189925,FALSE,FALSE,no_paitc,FALSE,FALSE
26159375,TRUE,FALSE,NA,FALSE,FALSE
26124700,FALSE,FALSE,no_paitc,FALSE,FALSE
29144655,FALSE,FALSE,review,FALSE,FALSE
28609085,FALSE,FALSE,review,FALSE,FALSE
26105964,FALSE,FALSE,no_paitc,FALSE,FALSE
26099484,FALSE,FALSE,no_paitc,FALSE,FALSE
26091937,FALSE,FALSE,no_paitc,FALSE,FALSE
26062932,FALSE,FALSE,no_paitc,FALSE,FALSE
25985265,FALSE,FALSE,no_paitc,FALSE,FALSE
25961824,FALSE,FALSE,no_paitc,FALSE,FALSE
25926144,FALSE,FALSE,no_paitc,FALSE,FALSE
25924975,FALSE,FALSE,methodological,FALSE,FALSE
25906420,FALSE,TRUE,no_paitc,FALSE,FALSE
25887646,FALSE,FALSE,methodological,FALSE,FALSE
25817087,FALSE,FALSE,no_paitc,FALSE,FALSE
25795232,FALSE,FALSE,methodological,FALSE,FALSE
25773559,FALSE,FALSE,no_paitc,FALSE,FALSE
25624763,FALSE,FALSE,no_paitc,FALSE,FALSE
25585376,FALSE,FALSE,no_paitc,FALSE,FALSE
25565891,FALSE,FALSE,no_paitc,FALSE,FALSE
25559771,FALSE,FALSE,no_paitc,FALSE,FALSE
25555272,FALSE,FALSE,no_paitc,FALSE,FALSE
26962372,FALSE,FALSE,no_paitc,FALSE,FALSE
25534216,FALSE,FALSE,protocol,FALSE,FALSE
25533141,FALSE,FALSE,no_itc,FALSE,FALSE
25530283,FALSE,FALSE,review,FALSE,FALSE
25491892,FALSE,FALSE,no_paitc,FALSE,FALSE
25475365,FALSE,FALSE,no_paitc,FALSE,FALSE
25445467,FALSE,FALSE,no_paitc,FALSE,FALSE
25438722,FALSE,TRUE,no_paitc,FALSE,FALSE
25387478,FALSE,FALSE,no_paitc,FALSE,FALSE
25361361,FALSE,FALSE,no_paitc,FALSE,FALSE
27202690,FALSE,TRUE,not_original_article,FALSE,FALSE
27202157,FALSE,TRUE,not_original_article,FALSE,FALSE
25356603,TRUE,FALSE,NA,FALSE,FALSE
25332702,FALSE,FALSE,no_paitc,FALSE,FALSE
25276624,FALSE,FALSE,no_paitc,FALSE,FALSE
25263803,FALSE,FALSE,no_paitc,FALSE,FALSE
25177813,FALSE,FALSE,no_paitc,FALSE,FALSE
25275206,FALSE,FALSE,no_paitc,FALSE,FALSE
25114521,FALSE,FALSE,no_paitc,FALSE,FALSE
25074856,FALSE,FALSE,no_paitc,FALSE,FALSE
25056161,FALSE,FALSE,no_paitc,FALSE,FALSE
25054058,FALSE,FALSE,no_paitc,FALSE,FALSE
24987832,FALSE,FALSE,no_paitc,FALSE,FALSE
24972449,FALSE,FALSE,no_paitc,FALSE,FALSE
24969003,FALSE,TRUE,no_paitc,FALSE,FALSE
24969002,FALSE,FALSE,no_paitc,FALSE,FALSE
24967519,FALSE,FALSE,no_paitc,FALSE,FALSE
24909191,FALSE,FALSE,no_paitc,FALSE,FALSE
24895141,FALSE,FALSE,no_paitc,FALSE,FALSE
24887172,FALSE,FALSE,no_paitc,FALSE,FALSE
24869718,FALSE,FALSE,no_paitc,FALSE,FALSE
24824144,FALSE,FALSE,no_paitc,FALSE,FALSE
24796656,FALSE,FALSE,no_paitc,FALSE,FALSE
24773456,FALSE,FALSE,no_paitc,FALSE,FALSE
24713109,FALSE,FALSE,no_paitc,FALSE,FALSE
24691560,FALSE,FALSE,no_paitc,FALSE,FALSE
24671099,FALSE,FALSE,no_paitc,FALSE,FALSE
24659260,FALSE,FALSE,no_paitc,FALSE,FALSE
24653837,FALSE,FALSE,no_paitc,FALSE,FALSE
24643323,FALSE,FALSE,no_itc,FALSE,FALSE
24640991,FALSE,FALSE,no_paitc,FALSE,FALSE
24636374,FALSE,FALSE,no_paitc,FALSE,FALSE
24627974,FALSE,FALSE,no_paitc,FALSE,FALSE
24617578,FALSE,FALSE,no_paitc,FALSE,FALSE
24599922,FALSE,FALSE,no_paitc,FALSE,FALSE
24596112,FALSE,FALSE,no_paitc,FALSE,FALSE
24587319,FALSE,FALSE,no_paitc,FALSE,FALSE
24574729,FALSE,FALSE,no_paitc,FALSE,FALSE
24508420,FALSE,FALSE,no_paitc,FALSE,FALSE
24493117,FALSE,FALSE,no_paitc,FALSE,FALSE
24491514,FALSE,FALSE,no_paitc,FALSE,FALSE
24460615,FALSE,FALSE,no_paitc,FALSE,FALSE
24314093,TRUE,FALSE,NA,FALSE,FALSE
24308372,FALSE,TRUE,no_paitc,FALSE,FALSE
24304656,FALSE,FALSE,no_paitc,FALSE,FALSE
24281768,FALSE,FALSE,no_paitc,FALSE,FALSE
24204920,FALSE,FALSE,no_paitc,FALSE,FALSE
24114396,FALSE,FALSE,not_original_article,FALSE,FALSE
24112715,FALSE,FALSE,no_paitc,FALSE,FALSE
24083626,FALSE,FALSE,no_paitc,FALSE,FALSE
23981687,FALSE,FALSE,no_paitc,FALSE,FALSE
23975660,TRUE,FALSE,NA,FALSE,FALSE
23945680,FALSE,FALSE,no_paitc,FALSE,FALSE
23890909,FALSE,FALSE,no_paitc,FALSE,FALSE
23881267,FALSE,FALSE,no_paitc,FALSE,FALSE
23870607,FALSE,FALSE,no_paitc,FALSE,FALSE
23843702,FALSE,FALSE,no_paitc,FALSE,FALSE
23801205,FALSE,FALSE,no_paitc,FALSE,FALSE
23718547,FALSE,FALSE,no_paitc,FALSE,FALSE
23691937,FALSE,FALSE,no_paitc,FALSE,FALSE
23618535,FALSE,FALSE,no_paitc,FALSE,FALSE
23617453,FALSE,FALSE,methodological,FALSE,FALSE
23592392,FALSE,FALSE,not_original_article,FALSE,FALSE
23590560,FALSE,FALSE,no_paitc,FALSE,FALSE
27905751,FALSE,FALSE,no_paitc,FALSE,FALSE
23569909,FALSE,FALSE,wrong_topic,FALSE,FALSE
23557834,FALSE,FALSE,no_paitc,FALSE,FALSE
23549384,FALSE,FALSE,no_paitc,FALSE,FALSE
23539190,FALSE,FALSE,not_original_article,FALSE,FALSE
23519234,FALSE,FALSE,no_paitc,FALSE,FALSE
23638487,FALSE,FALSE,no_paitc,FALSE,FALSE
23442134,FALSE,FALSE,no_paitc,FALSE,FALSE
23339434,TRUE,FALSE,NA,FALSE,FALSE
23244817,FALSE,FALSE,methodological,FALSE,FALSE
23239696,FALSE,FALSE,no_paitc,FALSE,FALSE
23196824,FALSE,FALSE,no_paitc,FALSE,FALSE
23186991,FALSE,FALSE,no_paitc,FALSE,FALSE
23177302,FALSE,FALSE,methodological,FALSE,FALSE
23167972,FALSE,FALSE,no_paitc,FALSE,FALSE
23163976,FALSE,FALSE,no_itc,FALSE,FALSE
23150473,FALSE,FALSE,no_paitc,FALSE,FALSE
23140823,FALSE,FALSE,not_original_article,FALSE,FALSE
23129490,FALSE,FALSE,no_paitc,FALSE,FALSE
23113551,TRUE,TRUE,NA,FALSE,FALSE
23092868,FALSE,FALSE,no_paitc,FALSE,FALSE
23011014,FALSE,FALSE,no_paitc,FALSE,FALSE
22999145,FALSE,FALSE,methodological,FALSE,FALSE
22987606,FALSE,FALSE,methodological,FALSE,FALSE
22970794,FALSE,FALSE,no_paitc,FALSE,FALSE
22949487,FALSE,FALSE,no_paitc,FALSE,FALSE
22924967,FALSE,FALSE,no_paitc,FALSE,FALSE
22912382,FALSE,FALSE,no_paitc,FALSE,FALSE
22898892,FALSE,TRUE,no_paitc,FALSE,FALSE
22865774,FALSE,FALSE,wrong_topic,FALSE,FALSE
22832638,FALSE,FALSE,no_paitc,FALSE,FALSE
22788256,FALSE,FALSE,wrong_topic,FALSE,FALSE
22787066,FALSE,FALSE,no_paitc,FALSE,FALSE
22786621,FALSE,FALSE,no_paitc,FALSE,FALSE
22771555,FALSE,FALSE,no_paitc,FALSE,FALSE
22764016,FALSE,FALSE,methodological,FALSE,FALSE
22701591,FALSE,FALSE,no_human,FALSE,FALSE
22700784,FALSE,FALSE,no_paitc,FALSE,FALSE
22693038,FALSE,FALSE,no_paitc,FALSE,FALSE
22657254,FALSE,FALSE,no_paitc,FALSE,FALSE
22641255,FALSE,FALSE,no_itc,FALSE,FALSE
22583463,FALSE,FALSE,no_paitc,FALSE,FALSE
22554024,FALSE,FALSE,no_paitc,FALSE,FALSE
27790010,FALSE,FALSE,no_itc,FALSE,FALSE
22525304,FALSE,FALSE,no_paitc,FALSE,FALSE
22516128,FALSE,FALSE,no_paitc,FALSE,FALSE
22505698,FALSE,FALSE,no_paitc,FALSE,FALSE
21609655,FALSE,FALSE,no_paitc,FALSE,FALSE
22462530,FALSE,FALSE,no_paitc,FALSE,FALSE
27905717,FALSE,FALSE,methodological,FALSE,FALSE
22696776,FALSE,FALSE,no_paitc,FALSE,FALSE
22414178,FALSE,FALSE,no_paitc,FALSE,FALSE
22407741,FALSE,FALSE,no_paitc,FALSE,FALSE
24367204,FALSE,FALSE,no_paitc,FALSE,FALSE
22197769,FALSE,FALSE,wrong_topic,FALSE,FALSE
22048230,FALSE,FALSE,no_paitc,FALSE,FALSE
21962424,FALSE,FALSE,no_paitc,FALSE,FALSE
21937141,FALSE,TRUE,no_paitc,FALSE,FALSE
21935329,FALSE,FALSE,no_paitc,FALSE,FALSE
21920996,FALSE,FALSE,no_paitc,FALSE,FALSE
21856857,FALSE,FALSE,wrong_topic,FALSE,FALSE
21854080,FALSE,FALSE,not_original_article,FALSE,FALSE
21819162,TRUE,FALSE,NA,FALSE,FALSE
21741714,FALSE,FALSE,no_paitc,FALSE,FALSE
21704235,FALSE,FALSE,no_paitc,FALSE,FALSE
21698473,FALSE,FALSE,no_paitc,FALSE,FALSE
21692768,FALSE,FALSE,wrong_topic,FALSE,FALSE
21676119,FALSE,FALSE,no_paitc,FALSE,FALSE
21669367,FALSE,FALSE,no_paitc,FALSE,FALSE
21669366,FALSE,FALSE,no_paitc,FALSE,FALSE
21977547,FALSE,FALSE,no_paitc,FALSE,FALSE
21599551,FALSE,TRUE,no_paitc,FALSE,FALSE
21585706,TRUE,FALSE,NA,FALSE,FALSE
21585704,FALSE,TRUE,no_paitc,FALSE,FALSE
21594220,FALSE,TRUE,no_paitc,FALSE,FALSE
21548941,FALSE,FALSE,methodological,FALSE,FALSE
21524239,TRUE,FALSE,NA,FALSE,FALSE
21388558,FALSE,FALSE,no_paitc,FALSE,FALSE
21375022,FALSE,FALSE,no_itc,FALSE,FALSE
21375020,FALSE,FALSE,no_itc,FALSE,FALSE
21367471,FALSE,FALSE,not_original_article,FALSE,FALSE
21330105,FALSE,FALSE,no_paitc,FALSE,FALSE
21239748,FALSE,FALSE,no_paitc,FALSE,FALSE
21199320,FALSE,FALSE,no_paitc,FALSE,FALSE
21198726,FALSE,FALSE,no_paitc,FALSE,FALSE
21189424,FALSE,FALSE,no_paitc,FALSE,FALSE
21182357,FALSE,FALSE,no_paitc,FALSE,FALSE
21097801,FALSE,FALSE,no_paitc,FALSE,FALSE
21078630,FALSE,FALSE,no_paitc,FALSE,FALSE
20935294,FALSE,FALSE,wrong_topic,FALSE,FALSE
20831304,FALSE,FALSE,methodological,FALSE,FALSE
20831287,FALSE,FALSE,not_original_article,FALSE,FALSE
20828843,FALSE,FALSE,no_paitc,FALSE,FALSE
20825406,FALSE,FALSE,wrong_topic,FALSE,FALSE
20727460,FALSE,TRUE,no_paitc,FALSE,FALSE
20713583,FALSE,FALSE,no_paitc,FALSE,FALSE
20507803,FALSE,FALSE,no_paitc,FALSE,FALSE
20418173,FALSE,FALSE,no_paitc,FALSE,FALSE
20191599,FALSE,FALSE,no_paitc,FALSE,FALSE
20149473,FALSE,FALSE,no_paitc,FALSE,FALSE
20142203,FALSE,FALSE,no_paitc,FALSE,FALSE
20084004,FALSE,FALSE,no_paitc,FALSE,FALSE
34080140,TRUE,FALSE,Mention d'une MAIC dans le r�sum�,TRUE,FALSE
33052055,TRUE,TRUE,Mention d'une comparaison indirecte dans le r�sum� / utilisation MAIC + STC dans le full text,TRUE,FALSE
32853126,FALSE,TRUE,no_paitc,TRUE,FALSE
32826180,TRUE,TRUE,Mention d'une STC dans le r�sum� et le full text,TRUE,FALSE
32216597,FALSE,TRUE,methodological,TRUE,FALSE
29858770,FALSE,TRUE,not_original_article,TRUE,FALSE
29674504,FALSE,TRUE,"MAIC dans le r�sum�, mais tr�s douteux dans le full text",TRUE,FALSE
26967930,FALSE,TRUE,methodological,TRUE,FALSE
25414048,TRUE,TRUE,NA,TRUE,FALSE
27201950,FALSE,FALSE,methodological,TRUE,FALSE
22881362,FALSE,TRUE,Je comprends qu'il n'y a pas de donn�es individuelles (juste des simus),TRUE,FALSE
22552988,FALSE,TRUE,methodological,TRUE,FALSE
20831302,FALSE,TRUE,methodological,TRUE,FALSE
35237351,FALSE,TRUE,no_itc,FALSE,TRUE
34597975,FALSE,TRUE,no_itc,FALSE,TRUE
34372979,FALSE,TRUE,methodological,FALSE,TRUE
34031743,FALSE,TRUE,no_itc,FALSE,TRUE
33603419,FALSE,TRUE,result_not_described,FALSE,TRUE
32969597,FALSE,TRUE,no_paitc,FALSE,TRUE
31940225,FALSE,TRUE,other_paitc,FALSE,TRUE
31218655,FALSE,TRUE,result_not_described,FALSE,TRUE
27202160,FALSE,TRUE,not_original_article,FALSE,TRUE
27202151,FALSE,TRUE,not_original_article,FALSE,TRUE
34991104,FALSE,TRUE,no_paitc,FALSE,TRUE
32550696,FALSE,TRUE,no_itc,FALSE,TRUE
30547369,FALSE,TRUE,review,FALSE,TRUE
