doi,PMID,included,full_article,exclusion_reasons,third,during_extraction
10.1002/pst.2210,35343622,FALSE,FALSE,methodological,FALSE,FALSE
10.1186/s40164-022-00268-z,35337365,TRUE,TRUE,NA,FALSE,FALSE
10.1080/10428194.2022.2047962,35289710,TRUE,TRUE,NA,FALSE,FALSE
10.3389/fphar.2022.757969,35281934,FALSE,FALSE,no_paitc,FALSE,FALSE
10.1002/emp2.12655,35280921,FALSE,FALSE,no_paitc,FALSE,FALSE
10.1007/s12325-022-02099-0,35279814,TRUE,TRUE,NA,FALSE,FALSE
10.1136/bmjopen-2021-058102,35277411,FALSE,FALSE,no_paitc,FALSE,FALSE
10.1016/j.jaip.2022.02.034,35272073,FALSE,FALSE,no_paitc,FALSE,FALSE
10.3390/cancers14051285,35267593,FALSE,FALSE,methodological,FALSE,FALSE
10.2217/fon-2021-1102,35232230,TRUE,TRUE,NA,FALSE,FALSE
10.26355/eurrev_202202_28007,35179764,FALSE,FALSE,no_itc,FALSE,FALSE
10.1001/jamaophthalmol.2021.6284,35175308,TRUE,TRUE,NA,FALSE,FALSE
10.3390/cancers14030538,35158805,FALSE,TRUE,other_paitc,FALSE,FALSE
10.1007/s12325-022-02054-z,35157216,TRUE,TRUE,NA,FALSE,FALSE
10.1161/hypertensionaha.121.18415,35138877,FALSE,FALSE,no_paitc,FALSE,FALSE
10.1111/dom.14664,35129275,FALSE,FALSE,not_original_article,FALSE,FALSE
10.1177/23814683221077643,35128059,FALSE,FALSE,wrong_topic,FALSE,FALSE
10.2217/fon-2021-1509,35114819,TRUE,TRUE,NA,FALSE,FALSE
NA,35106186,FALSE,FALSE,no_paitc,FALSE,FALSE
10.1016/j.rmed.2020.105999,35090692,FALSE,FALSE,not_original_article,FALSE,FALSE
10.1016/j.rmed.2020.106088,35090691,FALSE,FALSE,not_original_article,FALSE,FALSE
10.1016/j.rmed.2020.106065,35090690,FALSE,FALSE,not_original_article,FALSE,FALSE
10.1016/j.rmed.2020.105991,35090688,FALSE,TRUE,no_paitc,FALSE,FALSE
10.2217/imt-2021-0273,35073727,TRUE,TRUE,NA,FALSE,FALSE
10.2217/cer-2021-0178,35068168,TRUE,TRUE,NA,FALSE,FALSE
10.1016/j.clinthera.2021.11.015,35058055,FALSE,FALSE,no_paitc,FALSE,FALSE
10.1007/s11255-022-03107-6,35044552,FALSE,FALSE,no_paitc,FALSE,FALSE
10.1080/03007995.2022.2030112,35042448,TRUE,TRUE,NA,FALSE,FALSE
10.2217/cer-2021-0216,35040693,TRUE,TRUE,NA,FALSE,FALSE
10.1182/bloodadvances.2021006280,35030634,FALSE,TRUE,no_paitc,FALSE,FALSE
10.7759/cureus.21065,35028245,FALSE,FALSE,no_paitc,FALSE,FALSE
10.1097/mao.0000000000003464,34999620,FALSE,FALSE,no_paitc,FALSE,FALSE
10.1101/2021.12.22.21268253,34981073,FALSE,FALSE,no_paitc,FALSE,FALSE
10.1080/10428194.2021.2010069,34978255,TRUE,TRUE,NA,FALSE,FALSE
10.7759/cureus.19893,34966607,FALSE,FALSE,no_paitc,FALSE,FALSE
10.5414/cn110516,34931610,FALSE,TRUE,no_paitc,FALSE,FALSE
10.1210/clinem/dgab905,34922383,TRUE,TRUE,NA,FALSE,FALSE
10.1016/j.ejcsup.2021.06.003,34912479,FALSE,TRUE,other_paitc,FALSE,FALSE
10.1016/j.ejcsup.2021.06.002,34912478,TRUE,TRUE,NA,FALSE,FALSE
10.3390/cancers13235996,34885106,FALSE,FALSE,no_paitc,FALSE,FALSE
10.1007/s13555-021-00646-1,34877623,TRUE,TRUE,NA,FALSE,FALSE
10.1016/j.yebeh.2021.108429,34864380,FALSE,FALSE,no_paitc,FALSE,FALSE
10.1007/s40273-021-01113-7,34841472,FALSE,FALSE,no_itc,FALSE,FALSE
10.1007/s40261-021-01100-y,34822128,FALSE,TRUE,no_paitc,FALSE,FALSE
10.1007/s12325-021-01885-6,34797506,TRUE,TRUE,NA,FALSE,FALSE
10.2147/ptt.s326121,34765537,TRUE,TRUE,NA,FALSE,FALSE
10.1016/j.reumae.2020.05.009,34756316,FALSE,FALSE,other_paitc,FALSE,FALSE
10.2147/jbm.s321288,34754257,TRUE,TRUE,NA,FALSE,FALSE
10.2147/cmar.s325043,34754238,TRUE,TRUE,NA,FALSE,FALSE
10.2217/cer-2021-0221,34751591,TRUE,TRUE,NA,FALSE,FALSE
10.1016/j.jhqr.2021.09.003,34740549,FALSE,FALSE,methodological,FALSE,FALSE
10.1177/17562872211053189,34733356,FALSE,FALSE,no_paitc,FALSE,FALSE
10.1007/s13300-021-01156-1,34714524,FALSE,TRUE,no_paitc,FALSE,FALSE
10.1007/s13300-021-01159-y,34714523,FALSE,TRUE,no_paitc,FALSE,FALSE
10.1080/14760584.2021.1994858,34672224,TRUE,TRUE,NA,FALSE,FALSE
10.1007/s40273-021-01098-3,34664200,FALSE,FALSE,not_original_article,FALSE,FALSE
10.1016/j.ejca.2021.08.028,34663559,FALSE,FALSE,no_paitc,FALSE,FALSE
10.1055/a-1669-4987,34649296,FALSE,FALSE,no_paitc,FALSE,FALSE
10.1080/03007995.2021.1991294,34641745,FALSE,FALSE,no_paitc,FALSE,FALSE
10.1002/jgh3.12643,34621996,FALSE,FALSE,no_paitc,FALSE,FALSE
10.1177/17588359211049639,34616492,TRUE,TRUE,NA,FALSE,FALSE
10.2217/cer-2021-0203,34608814,FALSE,FALSE,not_original_article,FALSE,FALSE
10.1182/bloodadvances.2020004045,34597381,FALSE,FALSE,no_paitc,FALSE,FALSE
10.3389/fonc.2021.698199,34589422,FALSE,FALSE,no_paitc,FALSE,FALSE
10.1080/10428194.2021.1984462,34586007,FALSE,FALSE,not_original_article,FALSE,FALSE
10.1007/s12325-021-01884-7,34561812,TRUE,TRUE,NA,FALSE,FALSE
10.1007/978-1-0716-1566-9_12,34550592,FALSE,FALSE,not_original_article,FALSE,FALSE
10.1016/j.gie.2021.09.010,34543649,FALSE,FALSE,no_paitc,FALSE,FALSE
10.1007/s12325-021-01902-8,34537953,FALSE,FALSE,no_paitc,FALSE,FALSE
10.1186/s13045-021-01144-9,34493319,TRUE,TRUE,NA,FALSE,FALSE
10.1186/s12885-021-08588-9,34488679,FALSE,FALSE,no_paitc,FALSE,FALSE
NA,34484486,FALSE,FALSE,no_paitc,FALSE,FALSE
10.1080/17474086.2021.1970522,34465265,FALSE,TRUE,other_paitc,FALSE,FALSE
10.1080/03007995.2021.1971182,34445916,TRUE,TRUE,NA,FALSE,FALSE
10.5664/jcsm.9610,34402784,FALSE,FALSE,no_paitc,FALSE,FALSE
10.1111/dom.14518,34402153,FALSE,FALSE,no_paitc,FALSE,FALSE
10.1080/03007995.2021.1968362,34384311,FALSE,FALSE,no_paitc,FALSE,FALSE
10.1007/s40257-021-00622-7,34383273,FALSE,FALSE,wrong_topic,FALSE,FALSE
10.1016/j.jval.2021.01.015,34372977,FALSE,FALSE,not_original_article,FALSE,FALSE
10.13702/j.1000-0607.200544,34369674,FALSE,FALSE,no_human,FALSE,FALSE
10.1007/s12325-021-01853-0,34368918,TRUE,TRUE,NA,FALSE,FALSE
10.1186/s12962-021-00299-z,34348729,FALSE,TRUE,no_paitc,FALSE,FALSE
10.1080/13696998.2021.1957582,34340647,FALSE,FALSE,no_paitc,FALSE,FALSE
10.1111/pai.13609,34324742,FALSE,FALSE,methodological,FALSE,FALSE
10.1186/s12885-021-08605-x,34301232,FALSE,FALSE,no_paitc,FALSE,FALSE
10.1007/s41669-021-00288-1,34292540,FALSE,TRUE,other_paitc,FALSE,FALSE
10.1111/dom.14497,34286894,TRUE,TRUE,NA,FALSE,FALSE
10.2147/jbm.s312885,34285621,TRUE,TRUE,NA,FALSE,FALSE
10.1016/j.annepidem.2021.07.003,34280545,FALSE,FALSE,no_paitc,FALSE,FALSE
10.18553/jmcp.2021.21080,34278835,FALSE,FALSE,no_paitc,FALSE,FALSE
10.1002/edm2.259,34277983,TRUE,TRUE,NA,FALSE,FALSE
10.3389/fonc.2021.693542,34277438,FALSE,FALSE,no_paitc,FALSE,FALSE
10.1016/j.seizure.2021.06.020,34274891,FALSE,FALSE,no_paitc,FALSE,FALSE
10.1080/03007995.2021.1953456,34256668,TRUE,TRUE,NA,FALSE,FALSE
10.1007/s40258-021-00666-0,34250585,FALSE,FALSE,other_paitc,FALSE,FALSE
10.1007/s12325-021-01846-z,34250584,TRUE,TRUE,NA,FALSE,FALSE
10.1080/03007995.2021.1947216,34236007,TRUE,TRUE,NA,FALSE,FALSE
10.2217/cer-2021-0097,34231369,FALSE,FALSE,no_paitc,FALSE,FALSE
10.1002/jrsm.1511,34196111,FALSE,FALSE,methodological,FALSE,FALSE
10.2147/ceor.s305296,34168470,FALSE,FALSE,other_paitc,FALSE,FALSE
10.1080/13696998.2021.1941065,34114935,FALSE,FALSE,no_paitc,FALSE,FALSE
10.1080/13696998.2021.1937188,34098842,FALSE,TRUE,no_paitc,FALSE,FALSE
10.3389/fphar.2021.671845,34093199,FALSE,FALSE,no_paitc,FALSE,FALSE
10.1186/s12874-021-01290-1,34074239,FALSE,FALSE,no_paitc,FALSE,FALSE
10.3390/cancers13102406,34067521,TRUE,TRUE,NA,FALSE,FALSE
10.3390/biom11060780,34067288,TRUE,TRUE,NA,FALSE,FALSE
10.1007/s12325-021-01767-x,34021886,FALSE,TRUE,result_not_described,FALSE,FALSE
10.1111/head.14128,34021585,TRUE,TRUE,NA,FALSE,FALSE
10.1002/sim.9031,34018204,FALSE,FALSE,wrong_topic,FALSE,FALSE
10.3389/fphar.2021.631204,34012392,FALSE,FALSE,no_paitc,FALSE,FALSE
10.1016/j.cpcardiol.2021.100835,33992428,FALSE,FALSE,no_paitc,FALSE,FALSE
10.1016/j.msard.2021.102972,33979770,TRUE,TRUE,NA,FALSE,FALSE
10.1007/s12325-021-01756-0,33970454,TRUE,TRUE,NA,FALSE,FALSE
10.1001/jamapediatrics.2021.0347,33970192,FALSE,FALSE,no_paitc,FALSE,FALSE
10.1002/sim.8857,33963582,FALSE,FALSE,not_original_article,FALSE,FALSE
10.1080/10428194.2021.1913144,33955326,TRUE,TRUE,NA,FALSE,FALSE
10.1136/bmjdrc-2020-001313,33941549,FALSE,FALSE,no_paitc,FALSE,FALSE
10.1002/lary.29586,33929726,FALSE,FALSE,no_paitc,FALSE,FALSE
10.1080/10428194.2021.1913143,33896344,TRUE,TRUE,NA,FALSE,FALSE
10.1016/j.carrev.2021.04.013,33888418,FALSE,TRUE,no_paitc,FALSE,FALSE
10.1002/14651858.cd011535.pub4,33871055,FALSE,FALSE,no_paitc,FALSE,FALSE
10.1186/s13075-021-02487-x,33863352,FALSE,FALSE,no_paitc,FALSE,FALSE
10.1007/s40263-021-00805-0,33847901,TRUE,TRUE,NA,FALSE,FALSE
10.1016/j.lungcan.2021.03.020,33839603,TRUE,TRUE,NA,FALSE,FALSE
10.1093/jnci/djab071,33830214,TRUE,TRUE,NA,FALSE,FALSE
10.1007/s12325-021-01700-2,33822328,TRUE,TRUE,NA,FALSE,FALSE
10.1097/ju.0000000000001767,33818140,TRUE,TRUE,NA,FALSE,FALSE
10.1007/s40273-021-01023-8,33791945,FALSE,TRUE,other_paitc,FALSE,FALSE
10.1016/j.jtct.2020.12.023,33781519,FALSE,TRUE,result_not_described,FALSE,FALSE
10.36469/jheor.2021.19008,33768123,TRUE,TRUE,NA,FALSE,FALSE
10.1002/ehf2.13313,33749159,FALSE,FALSE,no_paitc,FALSE,FALSE
10.1007/s00432-021-03602-w,33745079,TRUE,TRUE,NA,FALSE,FALSE
10.1080/03007995.2021.1896489,33733983,TRUE,TRUE,NA,FALSE,FALSE
10.2217/cer-2020-0280,33733815,TRUE,TRUE,NA,FALSE,FALSE
10.7399/fh.11443,33709889,FALSE,FALSE,methodological,FALSE,FALSE
10.1080/13696998.2021.1901721,33691581,FALSE,TRUE,result_not_described,FALSE,FALSE
10.1007/s40261-021-01013-w,33687695,FALSE,TRUE,no_paitc,FALSE,FALSE
10.1002/pst.2106,33675139,FALSE,FALSE,wrong_topic,FALSE,FALSE
10.1007/s12325-021-01659-0,33674928,FALSE,FALSE,wrong_topic,FALSE,FALSE
10.2147/jbm.s288283,33664606,TRUE,TRUE,NA,FALSE,FALSE
10.1007/s40268-021-00337-4,33646565,FALSE,FALSE,no_paitc,FALSE,FALSE
10.1080/09546634.2021.1892024,33641593,FALSE,FALSE,no_paitc,FALSE,FALSE
10.1016/j.jad.2021.02.027,33640861,FALSE,FALSE,no_paitc,FALSE,FALSE
10.1007/s11523-021-00803-8,33638735,TRUE,TRUE,NA,FALSE,FALSE
10.2217/cer-2020-0272,33626934,TRUE,TRUE,NA,FALSE,FALSE
10.1080/17474124.2021.1880319,33599181,FALSE,FALSE,no_paitc,FALSE,FALSE
10.1007/s40261-021-01012-x,33598857,FALSE,FALSE,no_itc,FALSE,FALSE
10.1016/j.esmoop.2021.100050,33556898,TRUE,TRUE,NA,FALSE,FALSE
10.1016/j.jaip.2021.01.031,33548517,FALSE,FALSE,no_paitc,FALSE,FALSE
10.36469/jheor.2021.18727,33521161,FALSE,FALSE,no_paitc,FALSE,FALSE
10.1007/s00345-021-03595-8,33515055,FALSE,FALSE,no_paitc,FALSE,FALSE
10.1177/1756286420975916,33488773,TRUE,TRUE,NA,FALSE,FALSE
10.1177/0333102421989247,33472427,FALSE,FALSE,not_original_article,FALSE,FALSE
10.1111/imj.15210,33469994,FALSE,FALSE,no_paitc,FALSE,FALSE
10.1080/13696998.2021.1875743,33461352,FALSE,TRUE,other_paitc,FALSE,FALSE
10.1177/0272989x20983315,33448252,FALSE,FALSE,no_paitc,FALSE,FALSE
10.2217/cer-2020-0236,33442996,TRUE,TRUE,NA,FALSE,FALSE
10.2147/oarrr.s277036,33376418,FALSE,FALSE,no_itc,FALSE,FALSE
10.1186/s12874-020-01198-2,33435879,FALSE,FALSE,methodological,FALSE,FALSE
10.1007/s13300-020-00989-6,33423240,FALSE,FALSE,no_paitc,FALSE,FALSE
10.1080/13696998.2020.1867443,33393412,FALSE,FALSE,no_paitc,FALSE,FALSE
10.1007/s12325-020-01599-1,33377987,TRUE,TRUE,NA,FALSE,FALSE
10.1038/s41598-020-79033-3,33339864,FALSE,FALSE,wrong_topic,FALSE,FALSE
10.1186/s12962-020-00244-6,33292314,FALSE,TRUE,other_paitc,FALSE,FALSE
10.3390/cancers12123648,33291810,TRUE,TRUE,NA,FALSE,FALSE
10.1186/s12916-020-01837-x,33267884,FALSE,TRUE,no_paitc,FALSE,FALSE
NA,33570887,FALSE,FALSE,not_original_article,FALSE,FALSE
NA,33555772,FALSE,FALSE,not_original_article,FALSE,FALSE
10.1007/s40744-020-00257-w,33244703,TRUE,TRUE,NA,FALSE,FALSE
10.2217/imt-2020-0266,33228440,TRUE,TRUE,NA,FALSE,FALSE
10.1080/22221751.2020.1854624,33215981,FALSE,FALSE,no_itc,FALSE,FALSE
10.1177/1479164120973653,33213193,FALSE,TRUE,no_paitc,FALSE,FALSE
10.7150/jca.48944,33193875,FALSE,FALSE,no_paitc,FALSE,FALSE
10.1007/s11154-020-09608-y,33155118,FALSE,FALSE,no_itc,FALSE,FALSE
10.1007/s40273-020-00971-x,33145711,FALSE,FALSE,not_original_article,FALSE,FALSE
10.1002/jrsm.1466,33131206,FALSE,FALSE,methodological,FALSE,FALSE
10.1002/cncr.33270,33119182,FALSE,FALSE,no_paitc,FALSE,FALSE
10.1002/sim.8789,33111986,FALSE,FALSE,methodological,FALSE,FALSE
10.2217/cer-2020-0122,33090003,FALSE,FALSE,no_paitc,FALSE,FALSE
10.1016/j.anndiagpath.2020.151638,33069083,FALSE,FALSE,wrong_topic,FALSE,FALSE
10.1007/s12325-020-01521-9,33067698,FALSE,TRUE,no_paitc,FALSE,FALSE
10.1055/s-0040-1716496,33062927,FALSE,FALSE,no_itc,FALSE,FALSE
10.4187/respcare.07925,33051255,FALSE,FALSE,no_paitc,FALSE,FALSE
10.1016/j.earlhumdev.2020.105191,33036834,FALSE,FALSE,wrong_topic,FALSE,FALSE
10.1002/sim.8759,33015906,FALSE,FALSE,methodological,FALSE,FALSE
10.1007/s12325-020-01507-7,33001384,FALSE,FALSE,no_paitc,FALSE,FALSE
NA,33570892,FALSE,TRUE,not_original_article,FALSE,FALSE
10.1186/s12874-020-01124-6,32993519,FALSE,FALSE,methodological,FALSE,FALSE
10.1177/1740774520944855,32957804,FALSE,FALSE,wrong_topic,FALSE,FALSE
10.1177/1533033820943241,32914703,FALSE,FALSE,no_paitc,FALSE,FALSE
10.1080/14656566.2020.1811850,32892660,TRUE,TRUE,NA,FALSE,FALSE
10.1007/s00464-020-07920-x,32856150,FALSE,FALSE,no_paitc,FALSE,FALSE
10.1016/j.cct.2020.106123,32853779,FALSE,FALSE,methodological,FALSE,FALSE
10.1016/j.rmed.2020.106106,32839071,FALSE,FALSE,not_original_article,FALSE,FALSE
10.1210/clinem/dgaa577,32827435,FALSE,FALSE,no_paitc,FALSE,FALSE
10.1002/ajh.25963,32804408,FALSE,FALSE,no_paitc,FALSE,FALSE
10.1212/nxi.0000000000000878,32801167,FALSE,FALSE,no_paitc,FALSE,FALSE
10.1016/j.clinthera.2020.06.017,32798057,FALSE,FALSE,no_paitc,FALSE,FALSE
10.1007/s00268-020-05721-w,32761259,FALSE,FALSE,no_paitc,FALSE,FALSE
10.1080/17474086.2020.1793666,32749937,FALSE,FALSE,no_itc,FALSE,FALSE
10.1186/s13756-020-00784-9,32736593,FALSE,FALSE,no_paitc,FALSE,FALSE
10.5468/ogs.20080,32727171,FALSE,FALSE,no_paitc,FALSE,FALSE
10.1016/j.reuma.2020.05.004,32693948,FALSE,FALSE,other_paitc,FALSE,FALSE
10.1111/rssa.12579,32684669,FALSE,FALSE,methodological,FALSE,FALSE
10.3390/cancers12071905,32679702,FALSE,FALSE,no_paitc,FALSE,FALSE
10.1016/j.eplepsyres.2020.106403,32673969,FALSE,FALSE,no_paitc,FALSE,FALSE
10.2147/copd.s230955,32669839,FALSE,FALSE,no_itc,FALSE,FALSE
10.1177/0272989x20929309,32659160,FALSE,FALSE,methodological,FALSE,FALSE
10.2217/cer-2020-0063,32648475,TRUE,TRUE,NA,FALSE,FALSE
10.1136/bmj.m2288,32636183,FALSE,FALSE,no_paitc,FALSE,FALSE
10.1111/dom.14136,32627297,FALSE,FALSE,no_paitc,FALSE,FALSE
10.2217/cer-2020-0069,32602756,TRUE,TRUE,NA,FALSE,FALSE
10.1002/bimj.201900339,32596834,FALSE,FALSE,methodological,FALSE,FALSE
10.3310/hta24280,32568666,FALSE,FALSE,no_paitc,FALSE,FALSE
10.1016/j.bbmt.2020.06.008,32561336,TRUE,TRUE,NA,FALSE,FALSE
10.1016/j.jclinepi.2020.06.012,32540383,FALSE,FALSE,methodological,FALSE,FALSE
10.1016/j.jval.2020.02.008,32540233,FALSE,FALSE,methodological,FALSE,FALSE
10.1007/s12325-020-01397-9,32524498,FALSE,FALSE,methodological,FALSE,FALSE
10.1136/bmjopen-2019-034280,32499262,FALSE,FALSE,wrong_topic,FALSE,FALSE
10.2217/cer-2020-0042,32490682,FALSE,FALSE,no_paitc,FALSE,FALSE
10.1186/s12916-020-01591-0,32475340,FALSE,FALSE,wrong_topic,FALSE,FALSE
10.1371/journal.pone.0233686,32470056,FALSE,FALSE,wrong_topic,FALSE,FALSE
10.1186/s13195-020-00630-5,32456710,FALSE,FALSE,no_itc,FALSE,FALSE
10.1155/2020/1892584,32454812,FALSE,FALSE,no_paitc,FALSE,FALSE
10.1007/s12325-020-01378-y,32424805,TRUE,TRUE,NA,FALSE,FALSE
10.1080/13696998.2020.1770261,32412387,FALSE,FALSE,other_paitc,FALSE,FALSE
10.1002/jrsm.1416,32395870,FALSE,FALSE,methodological,FALSE,FALSE
10.1111/jcpt.13153,32386269,FALSE,FALSE,no_paitc,FALSE,FALSE
10.1016/j.ejca.2020.03.011,32380428,FALSE,FALSE,no_paitc,FALSE,FALSE
10.1136/rmdopen-2019-001131,32371431,TRUE,TRUE,NA,FALSE,FALSE
10.1007/s10067-020-05051-1,32367407,FALSE,FALSE,no_paitc,FALSE,FALSE
10.1016/j.jval.2019.11.003,32327161,FALSE,FALSE,review,FALSE,FALSE
10.3389/fphar.2020.00400,32308623,FALSE,FALSE,no_paitc,FALSE,FALSE
10.1002/cpt.1854,32301116,FALSE,FALSE,no_itc,FALSE,FALSE
10.1080/09546634.2020.1747592,32299269,TRUE,TRUE,NA,FALSE,FALSE
10.3390/cancers12040942,32290309,FALSE,FALSE,no_paitc,FALSE,FALSE
10.1016/j.clml.2020.02.018,32278674,FALSE,FALSE,no_paitc,FALSE,FALSE
10.1007/s00464-020-07527-2,32253560,FALSE,FALSE,no_paitc,FALSE,FALSE
10.1007/s12325-020-01298-x,32222903,TRUE,TRUE,NA,FALSE,FALSE
10.1093/eurheartj/ehaa184,32221596,FALSE,FALSE,no_paitc,FALSE,FALSE
10.1080/03007995.2020.1747999,32220214,TRUE,TRUE,NA,FALSE,FALSE
10.1080/13696998.2020.1745535,32208038,FALSE,FALSE,no_paitc,FALSE,FALSE
10.18553/jmcp.2020.19306,32191592,FALSE,TRUE,other_paitc,FALSE,FALSE
10.1186/s40164-020-00160-8,32190414,FALSE,FALSE,no_paitc,FALSE,FALSE
10.1007/s10792-020-01314-7,32185590,FALSE,FALSE,no_paitc,FALSE,FALSE
10.1371/journal.pone.0228846,32182248,FALSE,FALSE,no_paitc,FALSE,FALSE
10.1364/oe.386152,32122024,FALSE,FALSE,wrong_topic,FALSE,FALSE
10.1002/pst.2011,32115845,FALSE,FALSE,methodological,FALSE,FALSE
10.1016/j.therap.2019.11.007,32063399,FALSE,FALSE,methodological,FALSE,FALSE
10.1016/j.jacc.2019.11.058,32057373,FALSE,FALSE,no_paitc,FALSE,FALSE
10.1097/md.0000000000019142,32049837,FALSE,FALSE,no_paitc,FALSE,FALSE
10.3390/ijms21030889,32019141,FALSE,FALSE,no_paitc,FALSE,FALSE
10.1080/03007995.2020.1725742,32011182,FALSE,FALSE,no_paitc,FALSE,FALSE
10.1016/s1470-2045(19)30729-6,32007196,FALSE,FALSE,wrong_topic,FALSE,FALSE
10.1080/13696998.2020.1722139,31985301,TRUE,TRUE,NA,FALSE,FALSE
10.2217/cer-2019-0169,31948278,TRUE,TRUE,NA,FALSE,FALSE
10.1111/cea.13561,31943429,TRUE,TRUE,NA,FALSE,FALSE
10.1016/j.clinthera.2019.11.011,31932080,FALSE,FALSE,no_paitc,FALSE,FALSE
10.1007/s40273-019-00882-6,31930460,FALSE,FALSE,wrong_topic,FALSE,FALSE
10.1038/s41467-019-13965-x,31919360,FALSE,FALSE,wrong_topic,FALSE,FALSE
10.1002/14651858.cd011535.pub3,31917873,FALSE,FALSE,no_paitc,FALSE,FALSE
10.2217/cer-2019-0163,31916448,FALSE,FALSE,no_paitc,FALSE,FALSE
10.2217/cer-2019-0145,31872771,TRUE,TRUE,NA,FALSE,FALSE
10.1186/s12962-019-0193-4,31871432,FALSE,FALSE,no_paitc,FALSE,FALSE
10.1007/s12325-019-01173-4,31865547,TRUE,TRUE,NA,FALSE,FALSE
10.1371/journal.pone.0225882,31856172,FALSE,FALSE,no_paitc,FALSE,FALSE
10.1007/s12325-019-01169-0,31838711,FALSE,FALSE,not_original_article,FALSE,FALSE
10.1007/s12325-019-01168-1,31838710,FALSE,FALSE,not_original_article,FALSE,FALSE
10.1093/ehjcvp/pvz073,31830264,FALSE,FALSE,no_paitc,FALSE,FALSE
10.1007/s12325-019-01157-4,31813087,TRUE,TRUE,NA,FALSE,FALSE
10.1007/s12325-019-01156-5,31813086,TRUE,TRUE,NA,FALSE,FALSE
10.2217/cer-2019-0064,31774340,FALSE,FALSE,no_paitc,FALSE,FALSE
10.1038/s41409-019-0747-2,31745252,FALSE,TRUE,not_original_article,FALSE,FALSE
10.4168/aair.2020.12.1.24,31743962,FALSE,FALSE,wrong_topic,FALSE,FALSE
10.11646/zootaxa.4688.2.8,31719453,FALSE,FALSE,wrong_topic,FALSE,FALSE
10.1016/j.clinthera.2019.09.012,31699438,TRUE,TRUE,NA,FALSE,FALSE
10.1080/10428194.2019.1675881,31686561,TRUE,TRUE,NA,FALSE,FALSE
10.1080/10428194.2019.1682571,31686559,TRUE,TRUE,NA,FALSE,FALSE
10.1007/s41669-019-00186-7,31673882,FALSE,FALSE,no_paitc,FALSE,FALSE
10.18553/jmcp.2019.25.11.1227,31663466,FALSE,TRUE,no_paitc,FALSE,FALSE
10.1111/bjd.18634,31652347,FALSE,FALSE,no_paitc,FALSE,FALSE
10.1007/s40263-019-00672-w,31642037,TRUE,TRUE,NA,FALSE,FALSE
10.1186/s12874-019-0829-2,31640567,FALSE,FALSE,no_paitc,FALSE,FALSE
10.2147/ceor.s218746,31632108,FALSE,TRUE,no_paitc,FALSE,FALSE
10.3389/fphar.2019.01055,31607912,FALSE,FALSE,no_paitc,FALSE,FALSE
10.1007/s13300-019-00701-3,31602601,FALSE,TRUE,no_paitc,FALSE,FALSE
10.1111/bjh.16201,31588564,FALSE,FALSE,no_paitc,FALSE,FALSE
10.1007/s41669-019-00181-y,31587138,FALSE,FALSE,no_paitc,FALSE,FALSE
10.2147/ceor.s203482,31564931,TRUE,TRUE,NA,FALSE,FALSE
10.1007/s40273-019-00831-3,31555968,FALSE,FALSE,methodological,FALSE,FALSE
10.1007/s12325-019-01088-0,31512141,FALSE,FALSE,not_original_article,FALSE,FALSE
10.1080/21556660.2019.1649266,31489255,FALSE,FALSE,no_paitc,FALSE,FALSE
10.2217/cer-2019-0059,31464152,FALSE,FALSE,no_paitc,FALSE,FALSE
10.1007/s12325-019-01060-y,31440980,FALSE,FALSE,no_paitc,FALSE,FALSE
10.1007/s00415-019-09510-x,31435770,FALSE,FALSE,no_paitc,FALSE,FALSE
10.2147/jbm.s206806,31417326,TRUE,TRUE,NA,FALSE,FALSE
10.1016/j.euo.2018.09.009,31412011,TRUE,TRUE,NA,FALSE,FALSE
10.3390/medicina55080443,31390809,FALSE,FALSE,no_paitc,FALSE,FALSE
10.1002/jrsm.1372,31368653,FALSE,FALSE,methodological,FALSE,FALSE
10.5152/eurjrheum.2019.19057,31364979,TRUE,TRUE,NA,FALSE,FALSE
10.21037/atm.2019.05.21,31355224,FALSE,FALSE,no_paitc,FALSE,FALSE
10.1097/md.0000000000016517,31348264,FALSE,FALSE,no_paitc,FALSE,FALSE
10.1111/tbj.13345,31290203,FALSE,FALSE,feasibility,FALSE,FALSE
10.3389/fmicb.2019.01365,31258524,FALSE,FALSE,wrong_topic,FALSE,FALSE
10.1002/jrsm.1368,31250534,FALSE,FALSE,methodological,FALSE,FALSE
10.1136/annrheumdis-2019-215304,31196844,FALSE,FALSE,no_paitc,FALSE,FALSE
10.1097/md.0000000000016034,31192959,FALSE,FALSE,no_paitc,FALSE,FALSE
10.1097/md.0000000000016028,31192957,FALSE,FALSE,no_paitc,FALSE,FALSE
10.1017/s0266462319000333,31190671,FALSE,FALSE,review,FALSE,FALSE
10.1007/s40258-019-00489-0,31168745,FALSE,FALSE,no_itc,FALSE,FALSE
10.1111/bcp.13997,31140620,FALSE,FALSE,no_paitc,FALSE,FALSE
10.1007/s12325-019-00991-w,31140123,TRUE,TRUE,NA,FALSE,FALSE
10.1016/j.acuro.2019.03.007,31133348,FALSE,FALSE,no_paitc,FALSE,FALSE
10.1080/14656566.2019.1620987,31124741,FALSE,FALSE,not_original_article,FALSE,FALSE
10.1080/14656566.2019.1620983,31124724,FALSE,FALSE,not_original_article,FALSE,FALSE
10.1016/j.euo.2018.04.004,31102627,FALSE,FALSE,no_paitc,FALSE,FALSE
10.2340/00015555-3219,31099402,FALSE,FALSE,no_paitc,FALSE,FALSE
10.1016/j.jclinepi.2019.04.023,31059803,FALSE,FALSE,no_paitc,FALSE,FALSE
10.1097/md.0000000000015508,31045839,FALSE,FALSE,protocol,FALSE,FALSE
10.1002/bimj.201800167,31021449,FALSE,FALSE,no_paitc,FALSE,FALSE
10.1002/ijc.32366,31018251,FALSE,FALSE,no_paitc,FALSE,FALSE
10.1016/j.jmig.2019.04.004,30965114,FALSE,FALSE,no_paitc,FALSE,FALSE
10.1080/03007995.2019.1605239,30964361,TRUE,TRUE,NA,FALSE,FALSE
10.1007/s12325-019-00938-1,30963514,FALSE,FALSE,no_paitc,FALSE,FALSE
NA,35157413,FALSE,FALSE,no_paitc,FALSE,FALSE
10.1007/s10238-019-00552-z,30900099,FALSE,FALSE,no_paitc,FALSE,FALSE
10.1186/s13223-019-0328-3,30899278,FALSE,FALSE,no_paitc,FALSE,FALSE
10.1007/s12325-019-00923-8,30879249,FALSE,FALSE,no_paitc,FALSE,FALSE
10.1007/s12325-019-00912-x,30864105,FALSE,FALSE,no_paitc,FALSE,FALSE
10.2217/imt-2018-0208,30852924,TRUE,TRUE,NA,FALSE,FALSE
10.1371/journal.pone.0212899,30835737,FALSE,FALSE,no_paitc,FALSE,FALSE
10.2217/cer-2018-0141,30806520,TRUE,TRUE,NA,FALSE,FALSE
10.1080/03007995.2019.1585779,30786783,TRUE,TRUE,NA,FALSE,FALSE
10.1007/s12325-019-0873-7,30758745,TRUE,TRUE,NA,FALSE,FALSE
10.1080/14737167.2019.1580572,30758237,FALSE,TRUE,no_paitc,FALSE,FALSE
10.1080/00365521.2019.1569124,30735443,FALSE,FALSE,no_paitc,FALSE,FALSE
10.1080/03007995.2019.1580094,30727745,FALSE,FALSE,no_paitc,FALSE,FALSE
10.1007/s13300-019-0569-7,30706364,FALSE,TRUE,no_paitc,FALSE,FALSE
NA,31211542,FALSE,FALSE,review,FALSE,FALSE
10.1177/0962280219826609,30698076,FALSE,FALSE,methodological,FALSE,FALSE
10.1080/17474086.2019.1575202,30689458,FALSE,FALSE,no_paitc,FALSE,FALSE
10.1186/s13075-019-1812-3,30670074,FALSE,FALSE,methodological,FALSE,FALSE
10.1016/j.jval.2018.06.018,30661638,FALSE,FALSE,methodological,FALSE,FALSE
10.1080/03007995.2019.1571297,30649973,FALSE,TRUE,no_paitc,FALSE,FALSE
10.1016/j.ijsu.2019.01.001,30639473,FALSE,FALSE,no_paitc,FALSE,FALSE
10.1016/j.jaci.2018.11.024,30639069,FALSE,FALSE,not_original_article,FALSE,FALSE
10.1016/s2213-8587(18)30314-0,30635226,FALSE,FALSE,no_paitc,FALSE,FALSE
10.2196/mhealth.9329,30617044,FALSE,FALSE,no_paitc,FALSE,FALSE
10.1016/j.jaci.2018.11.005,30612667,FALSE,FALSE,not_original_article,FALSE,FALSE
10.1007/s40273-018-0759-6,30610657,FALSE,FALSE,no_itc,FALSE,FALSE
10.1016/j.jaip.2018.11.008,30598174,FALSE,FALSE,not_original_article,FALSE,FALSE
NA,30595674,FALSE,FALSE,methodological,FALSE,FALSE
10.1186/s12886-018-1006-9,30591022,FALSE,TRUE,no_paitc,FALSE,FALSE
10.2147/ceor.s180491,30588048,FALSE,FALSE,no_paitc,FALSE,FALSE
10.1186/s12885-018-5157-0,30567533,TRUE,TRUE,NA,FALSE,FALSE
10.2217/imt-2018-0168,30563395,FALSE,TRUE,other_paitc,FALSE,FALSE
10.2147/ceor.s178934,30532569,FALSE,FALSE,other_paitc,FALSE,FALSE
10.1080/14656566.2018.1554648,30489166,FALSE,FALSE,no_paitc,FALSE,FALSE
10.1080/13696998.2018.1551227,30474450,FALSE,TRUE,other_paitc,FALSE,FALSE
10.1111/jdv.15369,30472749,TRUE,TRUE,NA,FALSE,FALSE
10.1007/s40273-018-0744-0,30465228,FALSE,FALSE,review,FALSE,FALSE
10.2147/ceor.s177338,30464564,FALSE,FALSE,no_paitc,FALSE,FALSE
10.2147/ceor.s177324,30464563,FALSE,TRUE,no_paitc,FALSE,FALSE
10.1136/bmjopen-2018-024736,30429149,FALSE,FALSE,no_paitc,FALSE,FALSE
10.1007/s40273-018-0737-z,30426462,FALSE,FALSE,no_paitc,FALSE,FALSE
10.1016/j.critrevonc.2018.10.004,30401604,FALSE,FALSE,no_paitc,FALSE,FALSE
10.5152/eurjrheum.2018.18162,30388073,TRUE,TRUE,NA,FALSE,FALSE
10.1080/03007995.2018.1541443,30362839,TRUE,TRUE,NA,FALSE,FALSE
10.2147/copd.s173472,30349228,FALSE,FALSE,no_paitc,FALSE,FALSE
10.1016/j.jval.2018.03.015,30314617,TRUE,TRUE,NA,FALSE,FALSE
10.1093/aje/kwy233,30312378,FALSE,FALSE,wrong_topic,FALSE,FALSE
10.1183/13993003.01393-2018,30309978,TRUE,TRUE,NA,FALSE,FALSE
10.1001/jamapediatrics.2018.2530,30304407,FALSE,FALSE,no_itc,FALSE,FALSE
10.1080/13696998.2018.1534738,30303022,FALSE,FALSE,no_paitc,FALSE,FALSE
10.1007/s40273-018-0720-8,30298279,FALSE,FALSE,review,FALSE,FALSE
10.1007/s40273-018-0723-5,30293207,FALSE,FALSE,review,FALSE,FALSE
10.1080/03007995.2018.1520696,30286627,TRUE,TRUE,NA,FALSE,FALSE
10.4244/eij-d-18-00550,30277463,FALSE,FALSE,no_paitc,FALSE,FALSE
NA,30942989,FALSE,TRUE,not_original_article,FALSE,FALSE
10.1186/s13643-018-0805-7,30227896,FALSE,FALSE,no_paitc,FALSE,FALSE
10.3310/hta22490,30209002,FALSE,FALSE,no_paitc,FALSE,FALSE
10.1016/j.jaci.2018.08.031,30205189,FALSE,FALSE,no_paitc,FALSE,FALSE
10.1080/13696998.2018.1521416,30188231,FALSE,TRUE,no_paitc,FALSE,FALSE
10.2217/cer-2018-0020,30168349,TRUE,TRUE,NA,FALSE,FALSE
10.1177/1479972318790269,30101613,FALSE,FALSE,no_paitc,FALSE,FALSE
10.1016/j.seizure.2018.08.001,30096625,FALSE,FALSE,no_paitc,FALSE,FALSE
10.1080/03007995.2018.1510225,30086654,TRUE,TRUE,NA,FALSE,FALSE
10.1093/europace/euy160,30052894,TRUE,TRUE,NA,FALSE,FALSE
10.1007/s40273-018-0689-3,30030817,FALSE,FALSE,other_paitc,FALSE,FALSE
10.1136/bmjopen-2017-019110,29961001,FALSE,FALSE,review,FALSE,FALSE
10.1136/bjsports-2017-098998,29954828,FALSE,FALSE,no_paitc,FALSE,FALSE
10.1186/s12874-018-0509-7,29954322,FALSE,FALSE,no_paitc,FALSE,FALSE
10.1007/s12325-018-0734-9,29949047,TRUE,TRUE,NA,FALSE,FALSE
10.1007/s13300-018-0456-7,29949014,FALSE,FALSE,no_paitc,FALSE,FALSE
10.2147/cmar.s163478,29861642,TRUE,TRUE,NA,FALSE,FALSE
10.1093/annonc/mdy071,29788164,FALSE,FALSE,no_paitc,FALSE,FALSE
10.1007/s11096-018-0656-2,29785685,FALSE,FALSE,no_paitc,FALSE,FALSE
10.1080/17474086.2018.1475226,29764245,TRUE,TRUE,NA,FALSE,FALSE
10.1016/j.jval.2018.02.008,29753347,FALSE,FALSE,methodological,FALSE,FALSE
10.1080/2162402x.2017.1343774,31646068,FALSE,FALSE,methodological,FALSE,FALSE
10.2217/cer-2017-0085,29692179,FALSE,FALSE,no_paitc,FALSE,FALSE
10.1111/bju.14249,29645352,FALSE,FALSE,no_itc,FALSE,FALSE
10.1371/journal.pone.0195790,29641566,FALSE,FALSE,no_paitc,FALSE,FALSE
10.1016/j.ajog.2018.03.028,29630885,FALSE,FALSE,no_paitc,FALSE,FALSE
10.1136/bmjopen-2017-019555,29627809,FALSE,FALSE,no_paitc,FALSE,FALSE
10.1097/xeb.0000000000000140,29621039,FALSE,FALSE,no_paitc,FALSE,FALSE
10.1080/13696998.2018.1461630,29618273,FALSE,FALSE,no_paitc,FALSE,FALSE
10.1007/s40744-018-0106-6,29605841,TRUE,TRUE,NA,FALSE,FALSE
10.1111/add.14171,29589873,FALSE,TRUE,no_paitc,FALSE,FALSE
10.2217/cer-2017-0092,29589475,FALSE,FALSE,review,FALSE,FALSE
10.1093/carcin/bgy048,29579174,FALSE,FALSE,no_paitc,FALSE,FALSE
10.1097/brs.0000000000002647,29570121,TRUE,TRUE,NA,FALSE,FALSE
10.2217/cer-2017-0023,29537878,FALSE,FALSE,methodological,FALSE,FALSE
10.1007/s10198-018-0964-4,29524005,FALSE,FALSE,no_paitc,FALSE,FALSE
NA,29521644,FALSE,FALSE,no_paitc,FALSE,FALSE
10.1371/journal.pone.0191657,29513676,FALSE,FALSE,no_paitc,FALSE,FALSE
10.1097/yic.0000000000000215,29494348,FALSE,FALSE,methodological,FALSE,FALSE
10.1007/s40273-018-0627-4,29480454,FALSE,FALSE,not_original_article,FALSE,FALSE
10.1080/13696998.2018.1443111,29458286,TRUE,TRUE,NA,FALSE,FALSE
10.1371/journal.pone.0191953,29408938,FALSE,FALSE,no_paitc,FALSE,FALSE
10.1111/ijcp.13052,29381246,FALSE,FALSE,no_paitc,FALSE,FALSE
10.1136/eb-2017-102718,29330217,FALSE,FALSE,no_paitc,FALSE,FALSE
10.1002/hup.2646,29327372,FALSE,FALSE,no_paitc,FALSE,FALSE
10.1016/j.jval.2017.05.025,29304933,FALSE,FALSE,no_paitc,FALSE,FALSE
10.2147/jpr.s150600,29302193,FALSE,FALSE,no_paitc,FALSE,FALSE
10.1002/14651858.cd011535.pub2,29271481,FALSE,FALSE,no_paitc,FALSE,FALSE
10.1007/s40261-017-0611-3,29247383,FALSE,FALSE,no_paitc,FALSE,FALSE
10.1159/000481314,29234637,FALSE,FALSE,no_paitc,FALSE,FALSE
10.1111/apt.14449,29205421,FALSE,FALSE,no_paitc,FALSE,FALSE
10.1186/s40734-017-0067-x,29201386,FALSE,FALSE,no_paitc,FALSE,FALSE
10.1016/j.eplepsyres.2017.11.008,29197667,FALSE,FALSE,no_paitc,FALSE,FALSE
10.1634/theoncologist.2017-0103,29192016,TRUE,TRUE,NA,FALSE,FALSE
10.1007/s41030-017-0048-0,32026346,FALSE,FALSE,no_paitc,FALSE,FALSE
10.1007/s40273-017-0592-3,29178025,FALSE,FALSE,not_original_article,FALSE,FALSE
10.1080/03007995.2017.1410121,29172760,FALSE,FALSE,no_paitc,FALSE,FALSE
10.1111/bjd.16140,29171861,TRUE,TRUE,NA,FALSE,FALSE
10.1080/13696998.2017.1409228,29164973,FALSE,FALSE,no_paitc,FALSE,FALSE
10.1080/13696998.2017.1405816,29139314,FALSE,FALSE,no_paitc,FALSE,FALSE
10.1007/s40273-017-0579-0,29139001,FALSE,FALSE,no_paitc,FALSE,FALSE
10.1016/j.fct.2017.11.007,29126800,FALSE,FALSE,wrong_topic,FALSE,FALSE
10.1200/cci.17.00079,30657401,FALSE,FALSE,methodological,FALSE,FALSE
10.1007/s40273-017-0581-6,29086363,FALSE,FALSE,not_original_article,FALSE,FALSE
10.1007/s11239-017-1562-5,29043538,FALSE,FALSE,no_paitc,FALSE,FALSE
10.1016/j.eururo.2017.10.002,29037513,FALSE,FALSE,no_paitc,FALSE,FALSE
10.1007/s12223-017-0549-0,28971316,FALSE,FALSE,wrong_topic,FALSE,FALSE
10.1016/j.clinthera.2017.08.010,28967482,TRUE,TRUE,NA,FALSE,FALSE
10.1002/mdc3.12483,28920068,FALSE,FALSE,no_paitc,FALSE,FALSE
10.1002/14651858.cd008814.pub2,28901021,FALSE,FALSE,no_paitc,FALSE,FALSE
10.1080/13696998.2017.1377718,28880737,FALSE,FALSE,no_paitc,FALSE,FALSE
10.1007/s40258-017-0350-x,28866822,FALSE,FALSE,no_paitc,FALSE,FALSE
10.1016/j.surg.2017.07.013,28864100,FALSE,FALSE,no_paitc,FALSE,FALSE
10.1007/s40263-017-0462-8,28856580,FALSE,FALSE,methodological,FALSE,FALSE
10.1016/j.seizure.2017.07.017,28854405,FALSE,FALSE,no_paitc,FALSE,FALSE
10.1177/0272989x17725740,28823204,FALSE,FALSE,methodological,FALSE,FALSE
10.1007/s40744-017-0070-6,28762213,TRUE,TRUE,NA,FALSE,FALSE
10.1111/wrr.12559,28742235,FALSE,FALSE,no_paitc,FALSE,FALSE
10.1186/s12962-017-0077-4,28736505,FALSE,TRUE,other_paitc,FALSE,FALSE
10.1002/jrsm.1257,28732142,FALSE,FALSE,no_paitc,FALSE,FALSE
10.1016/j.jval.2017.03.010,28712616,FALSE,FALSE,no_paitc,FALSE,FALSE
10.1080/02770903.2017.1337789,28708944,FALSE,FALSE,no_paitc,FALSE,FALSE
10.1007/s40487-017-0048-0,28680955,FALSE,FALSE,no_paitc,FALSE,FALSE
10.1016/j.euroneuro.2017.05.009,28663124,FALSE,TRUE,no_paitc,FALSE,FALSE
10.1016/j.vhri.2016.10.002,28648305,FALSE,FALSE,other_paitc,FALSE,FALSE
10.1186/s13643-017-0511-x,28646922,FALSE,FALSE,no_paitc,FALSE,FALSE
10.1016/j.clinthera.2017.05.346,28641997,FALSE,FALSE,no_paitc,FALSE,FALSE
10.1177/1078155217714859,28614980,FALSE,FALSE,no_paitc,FALSE,FALSE
10.1155/2017/6121760,28607774,TRUE,TRUE,NA,FALSE,FALSE
10.1080/03007995.2017.1341869,28604117,FALSE,FALSE,no_itc,FALSE,FALSE
10.1016/j.jclinepi.2017.06.004,28603010,FALSE,FALSE,no_paitc,FALSE,FALSE
10.1007/s12325-017-0564-1,28573505,TRUE,TRUE,NA,FALSE,FALSE
10.2217/cer-2017-0028,28556675,FALSE,FALSE,no_paitc,FALSE,FALSE
10.1016/j.fct.2017.05.043,28552513,FALSE,FALSE,wrong_topic,FALSE,FALSE
10.1093/icvts/ivx150,28549125,FALSE,TRUE,no_paitc,FALSE,FALSE
10.1016/j.ijsu.2017.04.060,28522221,FALSE,FALSE,no_paitc,FALSE,FALSE
10.1002/sim.7326,28497561,FALSE,FALSE,methodological,FALSE,FALSE
10.1002/ajh.24781,28474745,FALSE,TRUE,no_paitc,FALSE,FALSE
10.1097/yic.0000000000000177,28430670,FALSE,FALSE,no_paitc,FALSE,FALSE
10.18632/oncotarget.16230,28415774,FALSE,FALSE,no_paitc,FALSE,FALSE
10.1038/scsandc.2016.42,28382213,FALSE,FALSE,wrong_topic,FALSE,FALSE
10.5213/inj.1734826.413,28361519,FALSE,FALSE,no_paitc,FALSE,FALSE
10.3414/me15-02-0016,28361159,FALSE,FALSE,methodological,FALSE,FALSE
10.2217/cer-2016-0085,28350241,TRUE,TRUE,NA,FALSE,FALSE
10.1080/03007995.2017.1294560,28294636,FALSE,FALSE,no_paitc,FALSE,FALSE
10.1007/s13318-017-0409-y,28283987,FALSE,FALSE,no_itc,FALSE,FALSE
10.1177/1352458517690272,28273772,FALSE,FALSE,no_paitc,FALSE,FALSE
NA,28272725,FALSE,FALSE,no_paitc,FALSE,FALSE
10.1186/s40734-017-0051-5,28265459,TRUE,TRUE,NA,FALSE,FALSE
10.1002/nau.23189,28220521,FALSE,FALSE,no_paitc,FALSE,FALSE
10.1016/j.rmed.2016.12.009,28137490,FALSE,FALSE,no_paitc,FALSE,FALSE
10.1186/s13643-017-0413-y,28122640,FALSE,FALSE,no_paitc,FALSE,FALSE
10.1183/16000617.0043-2016,28096283,FALSE,FALSE,no_paitc,FALSE,FALSE
10.1007/s40258-016-0301-y,28063135,FALSE,FALSE,no_paitc,FALSE,FALSE
10.1016/j.clinthera.2016.12.001,28062113,FALSE,FALSE,no_paitc,FALSE,FALSE
10.1186/s13045-016-0369-8,28052762,FALSE,FALSE,no_paitc,FALSE,FALSE
10.1007/s12325-016-0464-9,28000169,FALSE,FALSE,no_paitc,FALSE,FALSE
10.3892/br.2016.766,27882214,FALSE,FALSE,no_paitc,FALSE,FALSE
10.1111/iwj.12687,27868341,FALSE,FALSE,no_paitc,FALSE,FALSE
10.1016/j.ijcard.2016.11.253,27866023,FALSE,FALSE,no_paitc,FALSE,FALSE
10.1038/srep37208,27848997,FALSE,FALSE,no_paitc,FALSE,FALSE
10.1371/journal.pone.0165629,27806087,FALSE,FALSE,no_paitc,FALSE,FALSE
10.1080/14737140.2016.1247697,27734713,FALSE,FALSE,no_paitc,FALSE,FALSE
10.1016/j.eplepsyres.2016.08.006,27543806,FALSE,FALSE,no_paitc,FALSE,FALSE
10.1684/ejd.2016.2822,27352420,FALSE,FALSE,no_paitc,FALSE,FALSE
10.1016/j.leukres.2016.09.005,27657652,FALSE,FALSE,no_paitc,FALSE,FALSE
10.1007/s40273-016-0460-6,27778240,FALSE,FALSE,review,FALSE,FALSE
10.1016/j.yebeh.2016.09.030,27736657,FALSE,FALSE,no_paitc,FALSE,FALSE
10.1080/03007995.2016.1248380,27733070,TRUE,TRUE,NA,FALSE,FALSE
10.1186/s12874-016-0224-1,27716074,FALSE,FALSE,no_paitc,FALSE,FALSE
10.1016/j.seizure.2016.08.007,27710868,FALSE,FALSE,no_paitc,FALSE,FALSE
10.1016/j.ctrv.2016.09.001,27676174,FALSE,FALSE,no_paitc,FALSE,FALSE
10.3851/imp3089,27646863,FALSE,FALSE,no_paitc,FALSE,FALSE
10.1002/hec.3408,27620206,FALSE,FALSE,methodological,FALSE,FALSE
10.1016/j.jval.2016.03.1856,27565278,FALSE,TRUE,no_paitc,FALSE,FALSE
10.1007/s00330-016-4548-3,27562480,FALSE,FALSE,no_paitc,FALSE,FALSE
10.1007/s40258-016-0271-0,27550239,TRUE,TRUE,NA,FALSE,FALSE
10.1002/jrsm.1202,27529762,FALSE,FALSE,wrong_topic,FALSE,FALSE
10.1177/0962280216660741,27487843,FALSE,FALSE,no_paitc,FALSE,FALSE
10.3310/pgfar04130,27583319,FALSE,FALSE,review,FALSE,FALSE
10.2147/jbm.s104074,27445511,TRUE,TRUE,NA,FALSE,FALSE
NA,27384635,FALSE,FALSE,no_paitc,FALSE,FALSE
10.2147/opth.s100764,27366049,FALSE,FALSE,no_itc,FALSE,FALSE
10.1016/j.jval.2015.12.018,27325329,FALSE,FALSE,no_paitc,FALSE,FALSE
10.1007/s40273-016-0417-9,27289476,FALSE,FALSE,no_paitc,FALSE,FALSE
10.1016/j.jtho.2016.05.029,27288979,TRUE,TRUE,NA,FALSE,FALSE
10.1007/s40273-016-0418-8,27278217,FALSE,FALSE,not_original_article,FALSE,FALSE
10.1016/j.cgh.2016.04.039,27189910,FALSE,FALSE,no_paitc,FALSE,FALSE
10.1002/dmrr.2818,27155214,FALSE,FALSE,no_paitc,FALSE,FALSE
10.5935/abc.20160052,27142793,FALSE,FALSE,no_paitc,FALSE,FALSE
10.3310/hta20340,27135404,FALSE,FALSE,no_paitc,FALSE,FALSE
10.1186/s12874-016-0146-y,27116943,FALSE,FALSE,review,FALSE,FALSE
10.1016/j.clinthera.2016.03.018,27091732,FALSE,FALSE,no_paitc,FALSE,FALSE
10.1097/md.0000000000003185,27082558,FALSE,FALSE,no_paitc,FALSE,FALSE
10.1111/jcpt.12390,27079278,FALSE,FALSE,no_paitc,FALSE,FALSE
10.1007/s12325-016-0313-x,26979173,FALSE,FALSE,no_paitc,FALSE,FALSE
10.1016/j.clbc.2016.02.007,26971303,FALSE,FALSE,no_paitc,FALSE,FALSE
10.1185/03007995.2016.1163256,26949899,FALSE,FALSE,no_paitc,FALSE,FALSE
10.3310/hta20170,26933827,FALSE,FALSE,no_paitc,FALSE,FALSE
10.1136/bmjopen-2015-009122,26908514,FALSE,FALSE,no_paitc,FALSE,FALSE
10.1185/03007995.2016.1157463,26907083,FALSE,FALSE,no_paitc,FALSE,FALSE
10.1097/cad.0000000000000335,26886011,FALSE,FALSE,review,FALSE,FALSE
10.1007/s12325-016-0299-4,26883661,FALSE,FALSE,no_paitc,FALSE,FALSE
10.1002/sim.6883,26841367,FALSE,FALSE,no_paitc,FALSE,FALSE
10.1016/j.clinthera.2015.12.017,26839044,TRUE,TRUE,NA,FALSE,FALSE
10.1016/j.chest.2015.11.013,26836914,FALSE,FALSE,no_paitc,FALSE,FALSE
10.1185/03007995.2016.1149056,26824145,FALSE,FALSE,no_paitc,FALSE,FALSE
10.1016/j.hrtlng.2015.12.008,26804561,FALSE,FALSE,no_paitc,FALSE,FALSE
10.2217/cer.15.69,26793987,TRUE,TRUE,NA,FALSE,FALSE
10.1007/s10557-015-6636-z,26780905,FALSE,FALSE,no_paitc,FALSE,FALSE
10.1136/bmjopen-2015-010251,26769792,FALSE,FALSE,no_paitc,FALSE,FALSE
10.1002/jrsm.1195,26754852,FALSE,FALSE,no_paitc,FALSE,FALSE
10.1007/s10147-015-0938-9,26733020,FALSE,TRUE,no_paitc,FALSE,FALSE
10.1111/1753-0407.12372,26729046,FALSE,FALSE,no_paitc,FALSE,FALSE
10.1136/bmjopen-2015-010160,26719325,FALSE,FALSE,protocol,FALSE,FALSE
10.1007/s00228-015-1998-5,26671239,FALSE,FALSE,no_paitc,FALSE,FALSE
10.1185/03007995.2015.1128404,26637048,FALSE,FALSE,no_paitc,FALSE,FALSE
10.1016/j.clinthera.2015.09.013,26602976,TRUE,TRUE,NA,FALSE,FALSE
10.1016/j.cct.2015.11.010,26586608,FALSE,FALSE,no_itc,FALSE,FALSE
10.1586/14737167.2016.1102636,26495961,FALSE,FALSE,no_itc,FALSE,FALSE
10.1016/j.clinthera.2015.09.005,26477648,FALSE,FALSE,no_paitc,FALSE,FALSE
10.1185/03007995.2015.1106934,26455472,TRUE,TRUE,NA,FALSE,FALSE
NA,29144701,FALSE,FALSE,review,FALSE,FALSE
10.2217/cer.15.49,26390233,TRUE,TRUE,NA,FALSE,FALSE
10.1097/gme.0000000000000552,26382309,FALSE,FALSE,no_paitc,FALSE,FALSE
10.1111/biom.12388,26363775,FALSE,FALSE,methodological,FALSE,FALSE
10.1371/journal.pone.0137533,26355679,FALSE,FALSE,no_paitc,FALSE,FALSE
10.1111/liv.12959,26352650,FALSE,FALSE,no_paitc,FALSE,FALSE
10.2147/ott.s88700,26346974,FALSE,FALSE,no_paitc,FALSE,FALSE
10.1111/hepr.12584,26331530,FALSE,FALSE,no_paitc,FALSE,FALSE
10.1177/1078155215603230,26320127,FALSE,FALSE,no_paitc,FALSE,FALSE
10.1016/j.jval.2015.02.013,26297097,FALSE,FALSE,no_paitc,FALSE,FALSE
10.1007/s40263-015-0271-x,26293745,FALSE,FALSE,no_paitc,FALSE,FALSE
10.1002/jrsm.1160,26287812,FALSE,FALSE,no_paitc,FALSE,FALSE
10.1111/1755-5922.12150,26280110,FALSE,FALSE,no_paitc,FALSE,FALSE
10.1002/hep.27999,26189925,FALSE,FALSE,no_paitc,FALSE,FALSE
10.2217/cer.15.33,26159375,TRUE,TRUE,NA,FALSE,FALSE
10.1186/s12962-015-0037-9,26124700,FALSE,FALSE,no_paitc,FALSE,FALSE
NA,29144655,FALSE,FALSE,review,FALSE,FALSE
NA,28609085,FALSE,FALSE,review,FALSE,FALSE
10.1007/s00228-015-1889-9,26105964,FALSE,FALSE,no_paitc,FALSE,FALSE
10.1002/jrsm.1129,26099484,FALSE,FALSE,no_paitc,FALSE,FALSE
10.1053/j.gastro.2015.06.006,26091937,FALSE,FALSE,no_paitc,FALSE,FALSE
10.1007/s00228-015-1878-z,26062932,FALSE,FALSE,no_paitc,FALSE,FALSE
10.3111/13696998.2015.1052462,25985265,FALSE,FALSE,no_paitc,FALSE,FALSE
10.1371/journal.pone.0126704,25961824,FALSE,FALSE,no_paitc,FALSE,FALSE
10.1136/bmjopen-2014-007103,25926144,FALSE,FALSE,no_paitc,FALSE,FALSE
10.1002/sim.6519,25924975,FALSE,FALSE,methodological,FALSE,FALSE
10.1007/s40273-015-0276-9,25906420,FALSE,TRUE,no_paitc,FALSE,FALSE
10.1186/s12874-015-0007-0,25887646,FALSE,FALSE,methodological,FALSE,FALSE
10.7399/fh.2015.39.2.8218,25817087,FALSE,FALSE,no_paitc,FALSE,FALSE
10.1007/s40273-015-0271-1,25795232,FALSE,FALSE,methodological,FALSE,FALSE
10.1016/j.jval.2014.10.012,25773559,FALSE,FALSE,no_paitc,FALSE,FALSE
10.2147/ndt.s72642,25624763,FALSE,FALSE,no_paitc,FALSE,FALSE
10.1016/j.ijcard.2015.01.023,25585376,FALSE,FALSE,no_paitc,FALSE,FALSE
10.2147/clep.s70853,25565891,FALSE,FALSE,no_paitc,FALSE,FALSE
10.1111/hepr.12467,25559771,FALSE,FALSE,no_paitc,FALSE,FALSE
10.1016/j.ijcard.2014.12.037,25555272,FALSE,FALSE,no_paitc,FALSE,FALSE
10.2174/1874210601509010438,26962372,FALSE,FALSE,no_paitc,FALSE,FALSE
10.1136/bmjopen-2014-006770,25534216,FALSE,FALSE,protocol,FALSE,FALSE
10.1186/1471-2288-14-139,25533141,FALSE,FALSE,no_itc,FALSE,FALSE
10.1002/ejp.649,25530283,FALSE,FALSE,review,FALSE,FALSE
10.1016/j.ejso.2014.11.039,25491892,FALSE,FALSE,no_paitc,FALSE,FALSE
10.1016/j.jclinepi.2014.10.005,25475365,FALSE,FALSE,no_paitc,FALSE,FALSE
10.1016/j.clml.2014.09.008,25445467,FALSE,FALSE,no_paitc,FALSE,FALSE
10.1016/j.clinthera.2014.09.015,25438722,FALSE,TRUE,no_paitc,FALSE,FALSE
10.1186/2046-4053-3-134,25387478,FALSE,FALSE,no_paitc,FALSE,FALSE
10.3928/01477447-20141023-07,25361361,FALSE,FALSE,no_paitc,FALSE,FALSE
10.1016/j.jval.2014.08.165,27202690,FALSE,TRUE,not_original_article,FALSE,FALSE
10.1016/j.jval.2014.08.2173,27202157,FALSE,TRUE,not_original_article,FALSE,FALSE
10.1185/03007995.2014.977992,25356603,TRUE,TRUE,NA,FALSE,FALSE
10.3205/000199,25332702,FALSE,FALSE,no_paitc,FALSE,FALSE
10.4103/2229-3485.140550,25276624,FALSE,FALSE,no_paitc,FALSE,FALSE
10.1053/j.gastro.2014.09.031,25263803,FALSE,FALSE,no_paitc,FALSE,FALSE
10.18565/cardio.2014.7.43-52,25177813,FALSE,FALSE,no_paitc,FALSE,FALSE
NA,25275206,FALSE,FALSE,no_paitc,FALSE,FALSE
10.2147/copd.s59673,25114521,FALSE,FALSE,no_paitc,FALSE,FALSE
10.1093/jac/dku261,25074856,FALSE,FALSE,no_paitc,FALSE,FALSE
NA,25056161,FALSE,FALSE,no_paitc,FALSE,FALSE
10.3892/mco.2014.323,25054058,FALSE,FALSE,no_paitc,FALSE,FALSE
10.1038/clpt.2014.144,24987832,FALSE,FALSE,no_paitc,FALSE,FALSE
10.1186/1471-2407-14-471,24972449,FALSE,FALSE,no_paitc,FALSE,FALSE
10.1016/j.jval.2014.01.008,24969003,FALSE,TRUE,no_paitc,FALSE,FALSE
10.1016/j.jval.2014.02.013,24969002,FALSE,FALSE,no_paitc,FALSE,FALSE
10.18553/jmcp.2014.20.7.657,24967519,FALSE,FALSE,no_paitc,FALSE,FALSE
10.1111/aogs.12441,24909191,FALSE,FALSE,no_paitc,FALSE,FALSE
10.1007/s40261-014-0203-4,24895141,FALSE,FALSE,no_paitc,FALSE,FALSE
10.1186/2046-4053-3-46,24887172,FALSE,FALSE,no_paitc,FALSE,FALSE
10.1586/14787210.2014.917046,24869718,FALSE,FALSE,no_paitc,FALSE,FALSE
10.1097/coc.0000000000000081,24824144,FALSE,FALSE,no_paitc,FALSE,FALSE
10.1016/j.aprim.2014.01.006,24796656,FALSE,FALSE,no_paitc,FALSE,FALSE
10.1185/03007995.2014.908279,24773456,FALSE,FALSE,no_paitc,FALSE,FALSE
10.1016/j.thromres.2014.03.035,24713109,FALSE,FALSE,no_paitc,FALSE,FALSE
10.1007/s00296-014-2994-2,24691560,FALSE,FALSE,no_paitc,FALSE,FALSE
10.1371/journal.pone.0092508,24671099,FALSE,FALSE,no_paitc,FALSE,FALSE
10.1007/s40256-014-0071-6,24659260,FALSE,FALSE,no_paitc,FALSE,FALSE
10.1155/2014/932721,24653837,FALSE,FALSE,no_paitc,FALSE,FALSE
10.1007/s40273-014-0150-1,24643323,FALSE,FALSE,no_itc,FALSE,FALSE
10.1111/bph.12634,24640991,FALSE,FALSE,no_paitc,FALSE,FALSE
10.1016/j.jval.2014.01.004,24636374,FALSE,FALSE,no_paitc,FALSE,FALSE
10.1185/03007995.2014.904772,24627974,FALSE,FALSE,no_paitc,FALSE,FALSE
10.1111/bcp.12376,24617578,FALSE,FALSE,no_paitc,FALSE,FALSE
10.1093/rheumatology/ket492,24599922,FALSE,FALSE,no_paitc,FALSE,FALSE
10.1002/hed.23661,24596112,FALSE,FALSE,no_paitc,FALSE,FALSE
10.1371/journal.pone.0090313,24587319,FALSE,FALSE,no_paitc,FALSE,FALSE
10.3748/wjg.v20.i2.584,24574729,FALSE,FALSE,no_paitc,FALSE,FALSE
10.1016/j.clinthera.2013.12.011,24508420,FALSE,FALSE,no_paitc,FALSE,FALSE
10.1002/bjs.9418,24493117,FALSE,FALSE,no_paitc,FALSE,FALSE
10.1016/j.crohns.2014.01.010,24491514,FALSE,FALSE,no_paitc,FALSE,FALSE
10.1111/ijcp.12343,24460615,FALSE,FALSE,no_paitc,FALSE,FALSE
10.1186/2162-3619-2-32,24314093,TRUE,TRUE,NA,FALSE,FALSE
10.3111/13696998.2013.873044,24308372,FALSE,TRUE,no_paitc,FALSE,FALSE
10.1093/ajh/hpt210,24304656,FALSE,FALSE,no_paitc,FALSE,FALSE
10.12809/hkmj133986,24281768,FALSE,FALSE,no_paitc,FALSE,FALSE
10.1371/journal.pone.0077694,24204920,FALSE,FALSE,no_paitc,FALSE,FALSE
10.1007/s00198-013-2498-z,24114396,FALSE,FALSE,not_original_article,FALSE,FALSE
10.1111/pme.12233,24112715,FALSE,FALSE,no_paitc,FALSE,FALSE
10.1185/03007995.2013.850067,24083626,FALSE,FALSE,no_paitc,FALSE,FALSE
10.1684/epd.2013.0601,23981687,FALSE,FALSE,no_paitc,FALSE,FALSE
10.1007/s40263-013-0102-x,23975660,TRUE,TRUE,NA,FALSE,FALSE
10.1177/1355819613498379,23945680,FALSE,FALSE,no_paitc,FALSE,FALSE
10.1016/j.ijcard.2013.06.081,23890909,FALSE,FALSE,no_paitc,FALSE,FALSE
10.1097/ijg.0b013e3182a075e6,23881267,FALSE,FALSE,no_paitc,FALSE,FALSE
10.1016/j.clinthera.2013.05.011,23870607,FALSE,FALSE,no_paitc,FALSE,FALSE
10.2147/clep.s44273,23843702,FALSE,FALSE,no_paitc,FALSE,FALSE
NA,23801205,FALSE,FALSE,no_paitc,FALSE,FALSE
10.1111/apt.12349,23718547,FALSE,FALSE,no_paitc,FALSE,FALSE
10.1111/pme.12091,23691937,FALSE,FALSE,no_paitc,FALSE,FALSE
10.1186/2046-4053-2-22,23618535,FALSE,FALSE,no_paitc,FALSE,FALSE
10.1111/bcp.12150,23617453,FALSE,FALSE,methodological,FALSE,FALSE
10.1007/s40258-013-0025-1,23592392,FALSE,FALSE,not_original_article,FALSE,FALSE
10.1111/jcpt.12045,23590560,FALSE,FALSE,no_paitc,FALSE,FALSE
NA,27905751,FALSE,FALSE,no_paitc,FALSE,FALSE
10.1016/s2221-1691(12)60018-5,23569909,FALSE,FALSE,wrong_topic,FALSE,FALSE
10.1016/j.jaci.2013.02.013,23557834,FALSE,FALSE,no_paitc,FALSE,FALSE
10.1177/0272989x13481110,23549384,FALSE,FALSE,no_paitc,FALSE,FALSE
10.1007/s40258-013-0024-2,23539190,FALSE,FALSE,not_original_article,FALSE,FALSE
10.1378/chest.12-2634,23519234,FALSE,FALSE,no_paitc,FALSE,FALSE
NA,23638487,FALSE,FALSE,no_paitc,FALSE,FALSE
10.1111/jcpt.12044,23442134,FALSE,FALSE,no_paitc,FALSE,FALSE
10.3111/13696998.2013.768530,23339434,TRUE,TRUE,NA,FALSE,FALSE
10.1016/j.jval.2012.06.001,23244817,FALSE,FALSE,methodological,FALSE,FALSE
10.1259/bjr.20120272,23239696,FALSE,FALSE,no_paitc,FALSE,FALSE
10.1007/s00228-012-1456-6,23196824,FALSE,FALSE,no_paitc,FALSE,FALSE
10.1016/j.jclinepi.2012.06.022,23186991,FALSE,FALSE,no_paitc,FALSE,FALSE
10.1016/j.medcli.2012.09.013,23177302,FALSE,FALSE,methodological,FALSE,FALSE
10.1186/1741-7015-10-142,23167972,FALSE,FALSE,no_paitc,FALSE,FALSE
10.1186/1471-2288-12-173,23163976,FALSE,FALSE,no_itc,FALSE,FALSE
10.1136/bmj.e7498,23150473,FALSE,FALSE,no_paitc,FALSE,FALSE
10.1016/j.ejca.2012.10.011,23140823,FALSE,FALSE,not_original_article,FALSE,FALSE
10.1136/bmj.e7097,23129490,FALSE,FALSE,no_paitc,FALSE,FALSE
10.1007/bf03261873,23113551,TRUE,TRUE,NA,FALSE,FALSE
10.1345/aph.1r203,23092868,FALSE,FALSE,no_paitc,FALSE,FALSE
10.1007/s00228-012-1396-1,23011014,FALSE,FALSE,no_paitc,FALSE,FALSE
10.1016/j.jval.2012.05.004,22999145,FALSE,FALSE,methodological,FALSE,FALSE
10.1002/sim.5584,22987606,FALSE,FALSE,methodological,FALSE,FALSE
10.1186/1471-2288-12-138,22970794,FALSE,FALSE,no_paitc,FALSE,FALSE
10.1136/heartjnl-2012-302519,22949487,FALSE,FALSE,no_paitc,FALSE,FALSE
10.2165/11597110-000000000-00000,22924967,FALSE,FALSE,no_paitc,FALSE,FALSE
10.1161/circoutcomes.112.966572,22912382,FALSE,FALSE,no_paitc,FALSE,FALSE
10.1160/th12-06-0388,22898892,FALSE,TRUE,no_paitc,FALSE,FALSE
10.1002/sim.5541,22865774,FALSE,FALSE,wrong_topic,FALSE,FALSE
10.1007/s00198-012-2068-9,22832638,FALSE,FALSE,no_paitc,FALSE,FALSE
10.2165/11633830-000000000-00000,22788256,FALSE,FALSE,wrong_topic,FALSE,FALSE
10.1161/circoutcomes.112.965988,22787066,FALSE,FALSE,no_paitc,FALSE,FALSE
10.1002/sim.5470,22786621,FALSE,FALSE,no_paitc,FALSE,FALSE
10.1093/qjmed/hcs114,22771555,FALSE,FALSE,no_paitc,FALSE,FALSE
10.1002/sim.5442,22764016,FALSE,FALSE,methodological,FALSE,FALSE
10.1371/journal.pone.0037976,22701591,FALSE,FALSE,no_human,FALSE,FALSE
10.1136/bmj.e3675,22700784,FALSE,FALSE,no_paitc,FALSE,FALSE
10.1002/pbc.24228,22693038,FALSE,FALSE,no_paitc,FALSE,FALSE
10.1016/j.clinthera.2012.05.001,22657254,FALSE,FALSE,no_paitc,FALSE,FALSE
10.1038/sc.2012.46,22641255,FALSE,FALSE,no_itc,FALSE,FALSE
10.1016/j.jval.2012.01.009,22583463,FALSE,FALSE,no_paitc,FALSE,FALSE
10.1186/1475-2875-11-147,22554024,FALSE,FALSE,no_paitc,FALSE,FALSE
10.2147/oarrr.s14569,27790010,FALSE,FALSE,no_itc,FALSE,FALSE
10.1038/ajg.2012.108,22525304,FALSE,FALSE,no_paitc,FALSE,FALSE
10.1093/fampra/cms029,22516128,FALSE,FALSE,no_paitc,FALSE,FALSE
10.3899/jrheum.111345,22505698,FALSE,FALSE,no_paitc,FALSE,FALSE
10.3310/hta15suppl1/08,21609655,FALSE,FALSE,no_paitc,FALSE,FALSE
10.1185/03007995.2012.681637,22462530,FALSE,FALSE,no_paitc,FALSE,FALSE
NA,27905717,FALSE,FALSE,methodological,FALSE,FALSE
NA,22696776,FALSE,FALSE,no_paitc,FALSE,FALSE
10.1185/03007995.2012.675880,22414178,FALSE,FALSE,no_paitc,FALSE,FALSE
10.4414/smw.2012.13518,22407741,FALSE,FALSE,no_paitc,FALSE,FALSE
10.2147/bctt.s37003,24367204,FALSE,FALSE,no_paitc,FALSE,FALSE
10.1016/j.ijpharm.2011.12.012,22197769,FALSE,FALSE,wrong_topic,FALSE,FALSE
10.1038/clpt.2011.235,22048230,FALSE,FALSE,no_paitc,FALSE,FALSE
10.1016/j.cardfail.2011.05.010,21962424,FALSE,FALSE,no_paitc,FALSE,FALSE
10.1016/j.lungcan.2011.07.011,21937141,FALSE,TRUE,no_paitc,FALSE,FALSE
10.2147/ceor.s16118,21935329,FALSE,FALSE,no_paitc,FALSE,FALSE
10.1093/qjmed/hcr158,21920996,FALSE,FALSE,no_paitc,FALSE,FALSE
10.1128/jb.05412-11,21856857,FALSE,FALSE,wrong_topic,FALSE,FALSE
10.2165/11589310-000000000-00000,21854080,FALSE,FALSE,not_original_article,FALSE,FALSE
10.2165/11592490-000000000-00000,21819162,TRUE,TRUE,NA,FALSE,FALSE
10.1016/j.ijcard.2011.06.036,21741714,FALSE,FALSE,no_paitc,FALSE,FALSE
10.1016/j.clinthera.2011.05.003,21704235,FALSE,FALSE,no_paitc,FALSE,FALSE
10.1007/s00393-011-0827-1,21698473,FALSE,FALSE,no_paitc,FALSE,FALSE
10.1111/j.1365-2133.2011.10468.x,21692768,FALSE,FALSE,wrong_topic,FALSE,FALSE
10.1111/j.1742-1241.2011.02685.x,21676119,FALSE,FALSE,no_paitc,FALSE,FALSE
10.1016/j.jval.2011.01.011,21669367,FALSE,FALSE,no_paitc,FALSE,FALSE
10.1016/j.jval.2011.04.002,21669366,FALSE,FALSE,no_paitc,FALSE,FALSE
NA,21977547,FALSE,FALSE,no_paitc,FALSE,FALSE
10.1517/14656566.2011.587119,21599551,FALSE,TRUE,no_paitc,FALSE,FALSE
10.1111/j.1743-7563.2011.01398.x,21585704,FALSE,TRUE,no_paitc,FALSE,FALSE
NA,21594220,FALSE,TRUE,no_paitc,FALSE,FALSE
10.1186/1471-2288-11-61,21548941,FALSE,FALSE,methodological,FALSE,FALSE
10.1185/03007995.2011.576238,21524239,TRUE,TRUE,NA,FALSE,FALSE
10.1186/1742-6405-8-14,21388558,FALSE,FALSE,no_paitc,FALSE,FALSE
NA,21375022,FALSE,FALSE,no_itc,FALSE,FALSE
NA,21375020,FALSE,FALSE,no_itc,FALSE,FALSE
10.1016/j.ijcard.2011.02.011,21367471,FALSE,FALSE,not_original_article,FALSE,FALSE
10.1016/j.jclinepi.2010.10.016,21330105,FALSE,FALSE,no_paitc,FALSE,FALSE
10.3899/jrheum.100665,21239748,FALSE,FALSE,no_paitc,FALSE,FALSE
10.1111/j.1533-2500.2010.00441.x,21199320,FALSE,FALSE,no_paitc,FALSE,FALSE
10.1111/j.1365-2710.2010.01162.x,21198726,FALSE,FALSE,no_paitc,FALSE,FALSE
10.1093/cid/ciq143,21189424,FALSE,FALSE,no_paitc,FALSE,FALSE
10.1592/phco.31.1.39,21182357,FALSE,FALSE,no_paitc,FALSE,FALSE
10.1136/ard.2010.132134,21097801,FALSE,FALSE,no_paitc,FALSE,FALSE
10.1093/rheumatology/keq354,21078630,FALSE,FALSE,no_paitc,FALSE,FALSE
10.1136/oem.2010.057778,20935294,FALSE,FALSE,wrong_topic,FALSE,FALSE
10.2165/11537420-000000000-00000,20831304,FALSE,FALSE,methodological,FALSE,FALSE
10.2165/11535790-000000000-00000,20831287,FALSE,FALSE,not_original_article,FALSE,FALSE
10.1016/j.ijcard.2010.08.035,20828843,FALSE,FALSE,no_paitc,FALSE,FALSE
10.1111/j.1365-2133.2010.10016.x,20825406,FALSE,FALSE,wrong_topic,FALSE,FALSE
10.1016/s0169-5002(10)70132-x,20727460,FALSE,TRUE,no_paitc,FALSE,FALSE
10.1136/bmj.c3929,20713583,FALSE,FALSE,no_paitc,FALSE,FALSE
10.3310/hta14suppl1/07,20507803,FALSE,FALSE,no_paitc,FALSE,FALSE
10.1016/j.jpain.2010.01.002,20418173,FALSE,FALSE,no_paitc,FALSE,FALSE
10.1002/sim.3869,20191599,FALSE,FALSE,no_paitc,FALSE,FALSE
10.1016/j.jhep.2009.12.004,20149473,FALSE,FALSE,no_paitc,FALSE,FALSE
10.4244/eijv5i7a143,20142203,FALSE,FALSE,no_paitc,FALSE,FALSE
10.1097/yco.0b013e328336666b,20084004,FALSE,FALSE,no_paitc,FALSE,FALSE
10.1007/s40273-021-01015-8,34080140,TRUE,TRUE,Mention d'une MAIC dans le rsum,TRUE,FALSE
10.2217/fon-2020-0823,33052055,TRUE,TRUE,Mention d'une comparaison indirecte dans le rsum / utilisation MAIC + STC dans le full text,TRUE,FALSE
10.7399/fh.11419,32853126,FALSE,TRUE,no_paitc,TRUE,FALSE
10.1016/j.clgc.2020.07.006,32826180,TRUE,TRUE,Mention d'une STC dans le rsum et le full text,TRUE,FALSE
10.1080/03007995.2020.1747998,32216597,FALSE,TRUE,methodological,TRUE,FALSE
10.1007/s40744-018-0117-3,29858770,FALSE,TRUE,not_original_article,TRUE,FALSE
10.3324/haematol.2018.189837,29674504,FALSE,TRUE,"MAIC dans le rsum, mais trs douteux dans le full text",TRUE,FALSE
10.1586/14737167.2016.1165609,26967930,FALSE,TRUE,methodological,TRUE,FALSE
10.1007/s12325-014-0167-z,25414048,TRUE,TRUE,NA,TRUE,FALSE
10.1016/j.jval.2014.08.1959,27201950,FALSE,FALSE,methodological,TRUE,FALSE
10.3111/13696998.2012.720319,22881362,FALSE,TRUE,Je comprends qu'il n'y a pas de donnes individuelles (juste des simus),TRUE,FALSE
10.1002/pds.3246,22552988,FALSE,TRUE,methodological,TRUE,FALSE
10.2165/11538370-000000000-00000,20831302,FALSE,TRUE,methodological,TRUE,FALSE
10.1177/17588359221075495,35237351,FALSE,TRUE,no_paitc,FALSE,TRUE
10.1016/j.ejca.2021.08.023,34597975,FALSE,TRUE,no_paitc,FALSE,TRUE
10.1016/j.jval.2021.03.004,34372979,FALSE,TRUE,methodological,FALSE,TRUE
10.1007/s00464-021-08542-7,34031743,FALSE,TRUE,no_paitc,FALSE,TRUE
10.2147/ceor.s295605,33603419,FALSE,TRUE,result_not_described,FALSE,TRUE
10.1002/cam4.3470,32969597,FALSE,TRUE,no_paitc,FALSE,TRUE
10.1080/09546634.2019.1707754,31940225,FALSE,TRUE,other_paitc,FALSE,TRUE
10.1080/10428194.2019.1648806,31640435,FALSE,TRUE,no_paitc,FALSE,TRUE
10.1007/s40273-019-00812-6,31218655,FALSE,TRUE,result_not_described,FALSE,TRUE
10.1016/j.jval.2014.08.2170,27202160,FALSE,TRUE,not_original_article,FALSE,TRUE
10.1016/j.jval.2014.08.2163,27202151,FALSE,TRUE,not_original_article,FALSE,TRUE
10.1111/j.1743-7563.2011.01400.x,21585706,FALSE,TRUE,other_paitc,FALSE,TRUE
10.1097/coc.0000000000000884,34991104,FALSE,TRUE,no_paitc,FALSE,TRUE
NA,32550696,FALSE,TRUE,no_paitc,FALSE,TRUE
10.1007/s40273-018-0750-2,30547369,FALSE,TRUE,other_paitc,FALSE,TRUE
